resume_watcher_start 2026-09-08 11:14:34 pid=91255 interval=2400s
==== resume poll=1 2026-09-08 11:14:34 ====
=== 2026-09-08T11:14:35+08:00 r2 monitor ===
active
enabled
2026-09-08 10:51:33,682  INFO     ale_run.environments.providers.docker  Container ale-computing-math-recsys-cold-start-instanc-79fdb406 sizing: machine_type=c4-standard-4 -> cpus=1.5 memory=2g (res=1024x768)
2026-09-08 10:51:33,682  INFO     ale_run.environments.providers.docker  Creating Docker container ale-computing-math-recsys-cold-start-instanc-79fdb406 from agentslastexam/ale-ubuntu22-docker:latest
2026-09-08 10:51:39,570  INFO     ale_run.orchestration.runner  [adapters.ale_official.deployer.MetisDeployer/computing_math/ranking_node_feature_parity_recovery_instance_1/v0] done: status=completed score=0.0 duration=856.6s (attempt 1/3)
2026-09-08 10:51:41,816  INFO     ale_run.environments.providers.docker  Container ale-computing-math-recsys-cold-start-instanc-79fdb406 started (id=21f4032521b2)
2026-09-08 10:51:41,927  INFO     ale_run.environments.providers.docker  Container ale-computing-math-recsys-cold-start-instanc-79fdb406 ports: cua=32923 vnc=32924
2026-09-08 10:52:45,276  INFO     ale_run.environments.providers.gcloud  CUA server ready at http://localhost:32923
2026-09-08 10:52:45,277  INFO     computer  Logger set to INFO level
2026-09-08 10:52:45,277  INFO     computer  Initializing Computer...
2026-09-08 10:52:45,277  INFO     computer  Logger set to INFO level
2026-09-08 10:52:45,278  INFO     computer.vm  Logger set to INFO level
2026-09-08 10:52:45,278  INFO     computer.interface  Logger set to INFO level
2026-09-08 10:52:45,278  INFO     core.telemetry  Recording event: computer_initialized with properties: {'version': '0.1.8', 'os': 'linux', 'os_version': '6.8.0-138-generic', 'python_version': '3.12.3', 'provider_type': 'lume'}
2026-09-08 10:52:45,279  INFO     core.telemetry  Sent event to PostHog: computer_initialized
2026-09-08 10:52:45,971  INFO     cua.interface  Logger set to INFO level
2026-09-08 10:52:45,971  INFO     computer.interface.linux  Logger set to INFO level
2026-09-08 10:52:46,763  INFO     ale_run.environments.task_data.local_host  local: staged ['input', 'software'] for recsys_cold_start_instance_1 from task-data/computing_math/recsys_cold_start_instance_1/base
2026-09-08 10:52:46,796  INFO     ale_run.tasks.loader  Loaded task config via load() function
2026-09-08 10:52:46,797  INFO     ale_run.tasks.driver  Running task setup (attempt 1/4)...
2026-09-08 10:52:46,797  INFO     ale_run.tasks.driver  Task setup completed
2026-09-08 10:54:26,412  INFO     ale_run.executors.sandbox  sandbox: spawned pid=1477 (deployer=MetisDeployer, work_dir=/home/user/.ale/metis/adapters_ale_official_deployer_metisdeployer__gpt-5-6-luna__computing_math__recsys_cold_start_instance_1__v0__20260908_011350)
--- docker ---
ale-computing-math-recsys-cold-start-instanc-79fdb406 Up 22 minutes
--- progress ---
best_tasks=31/98 status={'failed': 4, 'completed': 27} done≈27
completed_mean=0.4905 n=27
/dev/mapper/ubuntu--vg-ubuntu--lv  490G  269G  201G  58% /
---
==== 2026-09-08 11:14:36 ====
active
run.json finished: 36
eval_result: 36
last done lines:
2026-09-08 09:45:39,065  INFO     ale_run.orchestration.runner  [adapters.ale_official.deployer.MetisDeployer/computing_math/mp_checkpoint_consolidation_v2/v0] done: status=completed score=0.0 duration=1891.8s (attempt 1/3)
2026-09-08 09:53:06,344  INFO     ale_run.orchestration.runner  [adapters.ale_official.deployer.MetisDeployer/computing_math/os_log_permission_guard_v1/v0] done: status=completed score=1.0 duration=448.2s (attempt 1/3)
2026-09-08 10:04:55,973  INFO     ale_run.orchestration.runner  [adapters.ale_official.deployer.MetisDeployer/computing_math/paper_reproduction_instance_1/v0] done: status=completed score=0.7849999999999999 duration=707.6s (attempt 1/3)
2026-09-08 10:37:16,115  INFO     ale_run.orchestration.runner  [adapters.ale_official.deployer.MetisDeployer/computing_math/particle_filter_nonlinear_tracking/v0] done: status=completed score=0.0 duration=1936.4s (attempt 1/3)
2026-09-08 10:51:39,570  INFO     ale_run.orchestration.runner  [adapters.ale_official.deployer.MetisDeployer/computing_math/ranking_node_feature_parity_recovery_instance_1/v0] done: status=completed score=0.0 duration=856.6s (attempt 1/3)
tail log (no otel):
2026-09-08 10:52:45,276  INFO     ale_run.environments.providers.gcloud  CUA server ready at http://localhost:32923
2026-09-08 10:52:45,277  INFO     computer  Logger set to INFO level
2026-09-08 10:52:45,277  INFO     computer  Initializing Computer...
2026-09-08 10:52:45,277  INFO     computer  Logger set to INFO level
2026-09-08 10:52:45,278  INFO     computer.vm  Logger set to INFO level
2026-09-08 10:52:45,278  INFO     computer.interface  Logger set to INFO level
2026-09-08 10:52:45,278  INFO     core.telemetry  Recording event: computer_initialized with properties: {'version': '0.1.8', 'os': 'linux', 'os_version': '6.8.0-138-generic', 'python_version': '3.12.3', 'provider_type': 'lume'}
2026-09-08 10:52:45,279  INFO     core.telemetry  Sent event to PostHog: computer_initialized
2026-09-08 10:52:45,971  INFO     cua.interface  Logger set to INFO level
2026-09-08 10:52:45,971  INFO     computer.interface.linux  Logger set to INFO level
2026-09-08 10:52:46,763  INFO     ale_run.environments.task_data.local_host  local: staged ['input', 'software'] for recsys_cold_start_instance_1 from task-data/computing_math/recsys_cold_start_instance_1/base
2026-09-08 10:52:46,796  INFO     ale_run.tasks.loader  Loaded task config via load() function
2026-09-08 10:52:46,797  INFO     ale_run.tasks.driver  Running task setup (attempt 1/4)...
2026-09-08 10:52:46,797  INFO     ale_run.tasks.driver  Task setup completed
2026-09-08 10:54:26,412  INFO     ale_run.executors.sandbox  sandbox: spawned pid=1477 (deployer=MetisDeployer, work_dir=/home/user/.ale/metis/adapters_ale_official_deployer_metisdeployer__gpt-5-6-luna__computing_math__recsys_cold_start_instance_1__v0__20260908_011350)
cats {'pending_or_running': 71, 'completed_score>0': 18, 'completed_score=0': 9}
---
active
active
308622 /usr/bin/socat TCP-LISTEN:7890,bind=172.17.0.1,fork,reuseaddr TCP:127.0.0.1:7890
FETCH_HITS=0 0
               total        used        free      shared  buff/cache   available
Mem:           3.8Gi       2.5Gi       272Mi       592Ki       1.3Gi       1.3Gi
/dev/mapper/ubuntu--vg-ubuntu--lv  490G  269G  201G  58% /
ale-computing-math-recsys-cold-start-instanc-79fdb406 Up 22 minutes
parsed finished=36 best=best_tasks=31/98 active=active fetch_hits=0 cats {'pending_or_running': 71, 'completed_score>0': 18, 'completed_score=0': 9}
agent_poll_loop_start 2026-09-08 11:18:48
==== agent poll=1 2026-09-08 11:18:48 ====
=== 2026-09-08T11:18:48+08:00 r2 monitor ===
active
enabled
2026-09-08 11:18:41,501  INFO     ale_run.environments.providers.gcloud  CUA server ready at http://localhost:32925
2026-09-08 11:18:41,573  INFO     computer  Telemetry is enabled
2026-09-08 11:18:41,574  INFO     core.telemetry  Telemetry enabled
2026-09-08 11:18:41,574  INFO     core.telemetry  Initializing PostHog telemetry with installation ID: 25ac8fd7-8e6b-4539-9e2a-1f68457817e8
2026-09-08 11:18:41,843  INFO     core.telemetry  Set up PostHog user properties for installation: 25ac8fd7-8e6b-4539-9e2a-1f68457817e8
2026-09-08 11:18:41,844  INFO     core.telemetry  Recording event: module_init with properties: {'version': '0.1.0', 'module': 'computer', 'python_version': '3.12.3 (main, Jun 19 2026, 12:46:00) [GCC 13.3.0]'}
2026-09-08 11:18:41,844  INFO     core.telemetry  Sent event to PostHog: module_init
2026-09-08 11:18:43,168  INFO     computer  Logger set to INFO level
2026-09-08 11:18:43,168  INFO     computer  Initializing Computer...
2026-09-08 11:18:43,168  INFO     computer  Logger set to INFO level
2026-09-08 11:18:43,168  INFO     computer.vm  Logger set to INFO level
2026-09-08 11:18:43,169  INFO     computer.interface  Logger set to INFO level
2026-09-08 11:18:43,169  INFO     core.telemetry  Recording event: computer_initialized with properties: {'version': '0.1.8', 'os': 'linux', 'os_version': '6.8.0-138-generic', 'python_version': '3.12.3', 'provider_type': 'lume'}
2026-09-08 11:18:43,169  INFO     core.telemetry  Sent event to PostHog: computer_initialized
2026-09-08 11:18:43,415  INFO     cua.interface  Logger set to INFO level
2026-09-08 11:18:43,415  INFO     computer.interface.linux  Logger set to INFO level
2026-09-08 11:18:45,027  INFO     ale_run.environments.task_data.local_host  local: staged ['input', 'software'] for recsys_cold_start_instance_1 from task-data/computing_math/recsys_cold_start_instance_1/base
2026-09-08 11:18:45,041  INFO     ale_run.tasks.loader  Loaded task config via load() function
2026-09-08 11:18:45,042  INFO     ale_run.tasks.driver  Running task setup (attempt 1/4)...
2026-09-08 11:18:45,042  INFO     ale_run.tasks.driver  Task setup completed
--- docker ---
ale-computing-math-recsys-cold-start-instanc-56a38371 Up About a minute
--- progress ---
best_tasks=31/98 status={'failed': 4, 'completed': 27} done≈27
completed_mean=0.4905 n=27
/dev/mapper/ubuntu--vg-ubuntu--lv  490G  269G  201G  58% /
---
2026-09-08 10:04:55,973  INFO     ale_run.orchestration.runner  [adapters.ale_official.deployer.MetisDeployer/computing_math/paper_reproduction_instance_1/v0] done: status=completed score=0.7849999999999999 duration=707.6s (attempt 1/3)
2026-09-08 10:37:16,115  INFO     ale_run.orchestration.runner  [adapters.ale_official.deployer.MetisDeployer/computing_math/particle_filter_nonlinear_tracking/v0] done: status=completed score=0.0 duration=1936.4s (attempt 1/3)
2026-09-08 10:51:39,570  INFO     ale_run.orchestration.runner  [adapters.ale_official.deployer.MetisDeployer/computing_math/ranking_node_feature_parity_recovery_instance_1/v0] done: status=completed score=0.0 duration=856.6s (attempt 1/3)
tail log (no otel):
2026-09-08 11:18:41,844  INFO     core.telemetry  Recording event: module_init with properties: {'version': '0.1.0', 'module': 'computer', 'python_version': '3.12.3 (main, Jun 19 2026, 12:46:00) [GCC 13.3.0]'}
2026-09-08 11:18:41,844  INFO     core.telemetry  Sent event to PostHog: module_init
2026-09-08 11:18:43,168  INFO     computer  Logger set to INFO level
2026-09-08 11:18:43,168  INFO     computer  Initializing Computer...
2026-09-08 11:18:43,168  INFO     computer  Logger set to INFO level
2026-09-08 11:18:43,168  INFO     computer.vm  Logger set to INFO level
2026-09-08 11:18:43,169  INFO     computer.interface  Logger set to INFO level
2026-09-08 11:18:43,169  INFO     core.telemetry  Recording event: computer_initialized with properties: {'version': '0.1.8', 'os': 'linux', 'os_version': '6.8.0-138-generic', 'python_version': '3.12.3', 'provider_type': 'lume'}
2026-09-08 11:18:43,169  INFO     core.telemetry  Sent event to PostHog: computer_initialized
2026-09-08 11:18:43,415  INFO     cua.interface  Logger set to INFO level
2026-09-08 11:18:43,415  INFO     computer.interface.linux  Logger set to INFO level
2026-09-08 11:18:45,027  INFO     ale_run.environments.task_data.local_host  local: staged ['input', 'software'] for recsys_cold_start_instance_1 from task-data/computing_math/recsys_cold_start_instance_1/base
2026-09-08 11:18:45,041  INFO     ale_run.tasks.loader  Loaded task config via load() function
2026-09-08 11:18:45,042  INFO     ale_run.tasks.driver  Running task setup (attempt 1/4)...
2026-09-08 11:18:45,042  INFO     ale_run.tasks.driver  Task setup completed
cats {'pending_or_running': 71, 'completed_score>0': 18, 'completed_score=0': 9}
---
active
active
328204 /usr/bin/socat TCP-LISTEN:7890,bind=172.17.0.1,fork,reuseaddr TCP:127.0.0.1:7890
FETCH=0
329410 bash -lc  bash ~/ale-bench/scripts/monitor_r2.sh echo --- bash ~/ale-bench/logs/audit/monitor-r2-once.sh 2>/dev/null | tail -20 echo --- systemctl --user is-active ale-metis-99-r2.service systemctl --user is-active sing-box.service pgrep -af "socat TCP-LISTEN:7890,bind=172.17.0.1" | head -1 || echo SOCAT_MISSING fetch=$(tail -n 400 ~/ale-bench/logs/ale-99-r2-run.log 2>/dev/null | grep -Eic "fetch-failed|Fetch failed" || true) fetch=$(printf %s "$fetch" | tr -cd 0-9); fetch=${fetch:-0} echo FETCH=$fetch pgrep -af monitor-r2-resume-daemon | head -1 || echo DAEMON_MISSING tail -3 ~/ale-bench/logs/audit/monitor-r2-resume-status.txt 
2026-09-08 11:17:20,035  INFO     ale_run.environments.providers.docker  Container ale-computing-math-recsys-cold-start-instanc-56a38371 ports: cua=32925 vnc=32926
cats {'pending_or_running': 71, 'completed_score>0': 18, 'completed_score=0': 9}
parsed finished=36 active=active sing=active socat_ok=1 fetch=0 cats {'pending_or_running': 71, 'completed_score>0': 18, 'completed_score=0': 9}
parsed finished=? best=best_tasks=31/98 active=active fetch=0 cats {'pending_or_running': 71, 'completed_score>0': 18, 'completed_score=0': 9}
AGENT_REMEDIATE socat_missing 2026-09-08 11:18:49
observe_loop_start 2026-09-08 11:20:12
==== observe poll=1 2026-09-08 11:20:12 ====
=== 2026-09-08T11:20:13+08:00 r2 monitor ===
active
enabled
2026-09-08 11:19:49,410  INFO     ale_run.orchestration.runner  [adapters.ale_official.deployer.MetisDeployer/physical_sciences/molecular_structure_plausibility/v0] queued (attempt 1/3)
2026-09-08 11:19:49,411  INFO     adapters.ale_official.config  metis: embedded auth.json content (2308 bytes) for sandbox install
2026-09-08 11:19:49,582  INFO     ale_run.orchestration.runner  [adapters.ale_official.deployer.MetisDeployer/physical_sciences/mose2_bse_absorption_soc/v0] queued (attempt 1/3)
2026-09-08 11:19:49,583  INFO     adapters.ale_official.config  metis: embedded auth.json content (2308 bytes) for sandbox install
2026-09-08 11:19:49,759  INFO     ale_run.orchestration.runner  [adapters.ale_official.deployer.MetisDeployer/physical_sciences/phonon_dispersion_thermodynamics/v0] queued (attempt 1/3)
2026-09-08 11:19:49,760  INFO     adapters.ale_official.config  metis: embedded auth.json content (2308 bytes) for sandbox install
2026-09-08 11:19:50,007  INFO     ale_run.orchestration.runner  [adapters.ale_official.deployer.MetisDeployer/physical_sciences/silicon_bse_absorption/v0] queued (attempt 1/3)
2026-09-08 11:19:50,008  INFO     adapters.ale_official.config  metis: embedded auth.json content (2308 bytes) for sandbox install
2026-09-08 11:19:50,276  INFO     ale_run.orchestration.runner  [adapters.ale_official.deployer.MetisDeployer/psychology_neuro/celegans_neuron_tracking/v0] queued (attempt 1/3)
2026-09-08 11:19:50,276  INFO     adapters.ale_official.config  metis: embedded auth.json content (2308 bytes) for sandbox install
2026-09-08 11:19:50,641  INFO     ale_run.orchestration.runner  [adapters.ale_official.deployer.MetisDeployer/social_sciences/atwood_2022_measles_vaccine_reproduction/v0] queued (attempt 1/3)
2026-09-08 11:19:50,641  INFO     adapters.ale_official.config  metis: embedded auth.json content (2308 bytes) for sandbox install
2026-09-08 11:19:50,882  INFO     ale_run.orchestration.runner  [adapters.ale_official.deployer.MetisDeployer/transport_safety/abm_hangzhou_metro/v0] queued (attempt 1/3)
2026-09-08 11:19:50,883  INFO     adapters.ale_official.config  metis: embedded auth.json content (2308 bytes) for sandbox install
2026-09-08 11:19:51,051  INFO     ale_run.orchestration.runner  [adapters.ale_official.deployer.MetisDeployer/transport_safety/capacitated_vehicle_routing_problems/v0] queued (attempt 1/3)
2026-09-08 11:19:51,051  INFO     adapters.ale_official.config  metis: embedded auth.json content (2308 bytes) for sandbox install
2026-09-08 11:19:51,217  INFO     ale_run.orchestration.runner  [adapters.ale_official.deployer.MetisDeployer/transport_safety/fds_single_compartment_detector_reconstruction/v0] queued (attempt 1/3)
2026-09-08 11:19:51,218  INFO     adapters.ale_official.config  metis: embedded auth.json content (2308 bytes) for sandbox install
2026-09-08 11:19:51,544  INFO     ale_run.environments.providers.docker  Container ale-computing-math-recsys-cold-start-instanc-e90f12eb started (id=263be36be4e0)
2026-09-08 11:19:51,676  INFO     ale_run.environments.providers.docker  Container ale-computing-math-recsys-cold-start-instanc-e90f12eb ports: cua=32927 vnc=32928
--- docker ---
ale-computing-math-recsys-cold-start-instanc-e90f12eb Up 38 seconds
ale-computing-math-recsys-cold-start-instanc-56a38371 Up 3 minutes
--- progress ---
best_tasks=31/98 status={'failed': 4, 'completed': 27} done≈27
completed_mean=0.4905 n=27
/dev/mapper/ubuntu--vg-ubuntu--lv  490G  269G  201G  58% /
---
==== 2026-09-08 11:20:22 ====
run.json finished: 36
cats {'pending_or_running': 71, 'completed_score>0': 18, 'completed_score=0': 9}
---
active
active
SOCAT_OK
FETCH=0
parsed finished=36 active=active sing=active socat_ok=1 fetch=0
parsed finished=36 active=active sing=active socat_ok=1 fetch=0 cats {'pending_or_running': 71, 'completed_score>0': 18, 'completed_score=0': 9}
parsed finished=36 active=active sing=active socat_ok=1 fetch=0 cats {'pending_or_running': 71, 'completed_score>0': 18, 'completed_score=0': 9}
ale-computing-math-recsys-cold-start-instanc-e90f12eb Up 46 seconds
summary finished=36 best=best_tasks=31/98 active=active fetch=0

NOTE $(date '+%F %T'): False remediates occurred twice (fetch parse bug; SOCAT_MISSING false positive via nested SSH quoting). Switched remote daemon to OBSERVE_ONLY. Agent will poll every ~40min and remediate ONLY after manual confirmation of service-dead or real Codex fetch-failed. Progress still ~27 completed / 4 failed / ~71 pending; current recsys_cold_start after auto_resume.

==== observe poll=2 2026-09-08 12:00:23 ====
=== 2026-09-08T12:00:26+08:00 r2 monitor ===
active
enabled
2026-09-08 11:20:40,188  INFO     computer  Telemetry is enabled
2026-09-08 11:20:40,189  INFO     core.telemetry  Telemetry enabled
2026-09-08 11:20:40,189  INFO     core.telemetry  Initializing PostHog telemetry with installation ID: 25ac8fd7-8e6b-4539-9e2a-1f68457817e8
2026-09-08 11:20:40,251  INFO     core.telemetry  Set up PostHog user properties for installation: 25ac8fd7-8e6b-4539-9e2a-1f68457817e8
2026-09-08 11:20:40,252  INFO     core.telemetry  Recording event: module_init with properties: {'version': '0.1.0', 'module': 'computer', 'python_version': '3.12.3 (main, Jun 19 2026, 12:46:00) [GCC 13.3.0]'}
2026-09-08 11:20:40,252  INFO     core.telemetry  Sent event to PostHog: module_init
2026-09-08 11:20:42,259  INFO     computer  Logger set to INFO level
2026-09-08 11:20:42,259  INFO     computer  Initializing Computer...
2026-09-08 11:20:42,259  INFO     computer  Logger set to INFO level
2026-09-08 11:20:42,259  INFO     computer.vm  Logger set to INFO level
2026-09-08 11:20:42,259  INFO     computer.interface  Logger set to INFO level
2026-09-08 11:20:42,260  INFO     core.telemetry  Recording event: computer_initialized with properties: {'version': '0.1.8', 'os': 'linux', 'os_version': '6.8.0-138-generic', 'python_version': '3.12.3', 'provider_type': 'lume'}
2026-09-08 11:20:42,260  INFO     core.telemetry  Sent event to PostHog: computer_initialized
2026-09-08 11:20:42,607  INFO     cua.interface  Logger set to INFO level
2026-09-08 11:20:42,607  INFO     computer.interface.linux  Logger set to INFO level
2026-09-08 11:20:44,109  INFO     ale_run.environments.task_data.local_host  local: staged ['input', 'software'] for recsys_cold_start_instance_1 from task-data/computing_math/recsys_cold_start_instance_1/base
2026-09-08 11:20:44,135  INFO     ale_run.tasks.loader  Loaded task config via load() function
2026-09-08 11:20:44,136  INFO     ale_run.tasks.driver  Running task setup (attempt 1/4)...
2026-09-08 11:20:44,136  INFO     ale_run.tasks.driver  Task setup completed
2026-09-08 11:22:28,136  INFO     ale_run.executors.sandbox  sandbox: spawned pid=1426 (deployer=MetisDeployer, work_dir=/home/user/.ale/metis/adapters_ale_official_deployer_metisdeployer__gpt-5-6-luna__computing_math__recsys_cold_start_instance_1__v0__20260908_031929)
--- docker ---
ale-computing-math-recsys-cold-start-instanc-e90f12eb Up 40 minutes
--- progress ---
best_tasks=31/98 status={'failed': 4, 'completed': 27} done≈27
completed_mean=0.4905 n=27
/dev/mapper/ubuntu--vg-ubuntu--lv  490G  269G  201G  58% /
---
==== 2026-09-08 12:00:26 ====
run.json finished: 36
cats {'pending_or_running': 71, 'completed_score>0': 18, 'completed_score=0': 9}
---
active
active
SOCAT_OK
FETCH=0
parsed finished=36 active=active sing=active socat_ok=1 fetch=0 cats {'pending_or_running': 71, 'completed_score>0': 18, 'completed_score=0': 9}
parsed finished=36 active=active sing=active socat_ok=1 fetch=0 cats {'pending_or_running': 71, 'completed_score>0': 18, 'completed_score=0': 9}
parsed finished=36 active=active sing=active socat_ok=1 fetch=0 cats {'pending_or_running': 71, 'completed_score>0': 18, 'completed_score=0': 9}
ale-computing-math-recsys-cold-start-instanc-e90f12eb Up 40 minutes
summary finished=36 best=best_tasks=31/98 active=active fetch=0
==== observe poll=3 2026-09-08 12:40:27 ====
=== 2026-09-08T12:40:32+08:00 r2 monitor ===
active
enabled
2026-09-08 12:33:45,132  INFO     ale_run.environments.providers.docker  Container ale-education-info-homework-grading-numerica-229cb0a8 sizing: machine_type=c4-standard-4 -> cpus=1.5 memory=2g (res=1024x768)
2026-09-08 12:33:45,132  INFO     ale_run.environments.providers.docker  Creating Docker container ale-education-info-homework-grading-numerica-229cb0a8 from agentslastexam/ale-ubuntu22-docker:latest
2026-09-08 12:33:50,524  INFO     ale_run.orchestration.runner  [adapters.ale_official.deployer.MetisDeployer/computing_math/synthetic_causal_structure_inference/v0] done: status=completed score=0.30711460258184076 duration=1109.3s (attempt 1/3)
2026-09-08 12:33:51,733  INFO     ale_run.environments.providers.docker  Container ale-education-info-homework-grading-numerica-229cb0a8 started (id=b8e66043f695)
2026-09-08 12:33:51,849  INFO     ale_run.environments.providers.docker  Container ale-education-info-homework-grading-numerica-229cb0a8 ports: cua=32931 vnc=32932
2026-09-08 12:34:49,134  INFO     ale_run.environments.providers.gcloud  CUA server ready at http://localhost:32931
2026-09-08 12:34:49,135  INFO     computer  Logger set to INFO level
2026-09-08 12:34:49,135  INFO     computer  Initializing Computer...
2026-09-08 12:34:49,135  INFO     computer  Logger set to INFO level
2026-09-08 12:34:49,135  INFO     computer.vm  Logger set to INFO level
2026-09-08 12:34:49,135  INFO     computer.interface  Logger set to INFO level
2026-09-08 12:34:49,135  INFO     core.telemetry  Recording event: computer_initialized with properties: {'version': '0.1.8', 'os': 'linux', 'os_version': '6.8.0-138-generic', 'python_version': '3.12.3', 'provider_type': 'lume'}
2026-09-08 12:34:49,136  INFO     core.telemetry  Sent event to PostHog: computer_initialized
2026-09-08 12:34:50,965  INFO     cua.interface  Logger set to INFO level
2026-09-08 12:34:50,966  INFO     computer.interface.linux  Logger set to INFO level
2026-09-08 12:34:51,754  INFO     ale_run.environments.task_data.local_host  local: staged ['input', 'software'] for homework_grading_numerical_pdes_instance_02 from task-data/education_info/homework_grading_numerical_pdes_instance_02/base
2026-09-08 12:34:51,759  INFO     ale_run.tasks.loader  Loaded task config via load() function
2026-09-08 12:34:51,760  INFO     ale_run.tasks.driver  Running task setup (attempt 1/4)...
2026-09-08 12:34:51,760  INFO     ale_run.tasks.driver  Task setup completed
2026-09-08 12:36:31,291  INFO     ale_run.executors.sandbox  sandbox: spawned pid=1470 (deployer=MetisDeployer, work_dir=/home/user/.ale/metis/adapters_ale_official_deployer_metisdeployer__gpt-5-6-luna__education_info__homework_grading_numerical_pdes_instance_02__v0__20260908_031930)
--- docker ---
ale-education-info-homework-grading-numerica-229cb0a8 Up 6 minutes
--- progress ---
best_tasks=31/98 status={'completed': 29, 'failed': 2} done≈29
completed_mean=0.4788 n=29
/dev/mapper/ubuntu--vg-ubuntu--lv  490G  269G  201G  58% /
---
==== 2026-09-08 12:40:32 ====
run.json finished: 38
cats {'pending_or_running': 69, 'completed_score>0': 20, 'completed_score=0': 9}
---
active
active
SOCAT_OK
FETCH=0
parsed finished=36 active=active sing=active socat_ok=1 fetch=0 cats {'pending_or_running': 71, 'completed_score>0': 18, 'completed_score=0': 9}
parsed finished=36 active=active sing=active socat_ok=1 fetch=0 cats {'pending_or_running': 71, 'completed_score>0': 18, 'completed_score=0': 9}
parsed finished=38 active=active sing=active socat_ok=1 fetch=0 cats {'pending_or_running': 69, 'completed_score>0': 20, 'completed_score=0': 9}
ale-education-info-homework-grading-numerica-229cb0a8 Up 6 minutes
summary finished=38 best=best_tasks=31/98 active=active fetch=0
==== observe poll=4 2026-09-08 13:20:33 ====
=== 2026-09-08T13:20:36+08:00 r2 monitor ===
active
enabled
2026-09-08 13:15:22,746  INFO     ale_run.environments.providers.docker  Container ale-education-info-marc-remediation-folio-ov-78151851 sizing: machine_type=c4-standard-4 -> cpus=1.5 memory=2g (res=1024x768)
2026-09-08 13:15:22,746  INFO     ale_run.environments.providers.docker  Creating Docker container ale-education-info-marc-remediation-folio-ov-78151851 from agentslastexam/ale-ubuntu22-docker:latest
2026-09-08 13:15:28,338  INFO     ale_run.orchestration.runner  [adapters.ale_official.deployer.MetisDeployer/education_info/homework_grading_numerical_pdes_instance_02/v0] done: status=completed score=0.6631515151515152 duration=2497.8s (attempt 1/3)
2026-09-08 13:15:29,149  INFO     ale_run.environments.providers.docker  Container ale-education-info-marc-remediation-folio-ov-78151851 started (id=f1c34e1783d7)
2026-09-08 13:15:29,322  INFO     ale_run.environments.providers.docker  Container ale-education-info-marc-remediation-folio-ov-78151851 ports: cua=32933 vnc=32934
2026-09-08 13:16:29,593  INFO     ale_run.environments.providers.gcloud  CUA server ready at http://localhost:32933
2026-09-08 13:16:29,593  INFO     computer  Logger set to INFO level
2026-09-08 13:16:29,593  INFO     computer  Initializing Computer...
2026-09-08 13:16:29,594  INFO     computer  Logger set to INFO level
2026-09-08 13:16:29,594  INFO     computer.vm  Logger set to INFO level
2026-09-08 13:16:29,594  INFO     computer.interface  Logger set to INFO level
2026-09-08 13:16:29,594  INFO     core.telemetry  Recording event: computer_initialized with properties: {'version': '0.1.8', 'os': 'linux', 'os_version': '6.8.0-138-generic', 'python_version': '3.12.3', 'provider_type': 'lume'}
2026-09-08 13:16:29,594  INFO     core.telemetry  Sent event to PostHog: computer_initialized
2026-09-08 13:16:30,671  INFO     cua.interface  Logger set to INFO level
2026-09-08 13:16:30,671  INFO     computer.interface.linux  Logger set to INFO level
2026-09-08 13:16:31,884  INFO     ale_run.environments.task_data.local_host  local: staged ['input', 'software'] for marc_remediation_folio_overlay from task-data/education_info/marc_remediation_folio_overlay/base
2026-09-08 13:16:31,889  INFO     ale_run.tasks.loader  Loaded task config via load() function
2026-09-08 13:16:31,890  INFO     ale_run.tasks.driver  Running task setup (attempt 1/4)...
2026-09-08 13:16:31,890  INFO     ale_run.tasks.driver  Task setup completed
2026-09-08 13:18:10,843  INFO     ale_run.executors.sandbox  sandbox: spawned pid=1479 (deployer=MetisDeployer, work_dir=/home/user/.ale/metis/adapters_ale_official_deployer_metisdeployer__gpt-5-6-luna__education_info__marc_remediation_folio_overlay__v0__20260908_031930)
--- docker ---
ale-education-info-marc-remediation-folio-ov-78151851 Up 5 minutes
--- progress ---
best_tasks=31/98 status={'completed': 30, 'failed': 1} done≈30
completed_mean=0.4849 n=30
/dev/mapper/ubuntu--vg-ubuntu--lv  490G  269G  201G  58% /
---
==== 2026-09-08 13:20:37 ====
run.json finished: 39
cats {'pending_or_running': 68, 'completed_score>0': 21, 'completed_score=0': 9}
---
active
active
SOCAT_OK
FETCH=0
parsed finished=36 active=active sing=active socat_ok=1 fetch=0 cats {'pending_or_running': 71, 'completed_score>0': 18, 'completed_score=0': 9}
parsed finished=38 active=active sing=active socat_ok=1 fetch=0 cats {'pending_or_running': 69, 'completed_score>0': 20, 'completed_score=0': 9}
parsed finished=39 active=active sing=active socat_ok=1 fetch=0 cats {'pending_or_running': 68, 'completed_score>0': 21, 'completed_score=0': 9}
ale-education-info-marc-remediation-folio-ov-78151851 Up 5 minutes
summary finished=39 best=best_tasks=31/98 active=active fetch=0
==== observe poll=5 2026-09-08 14:00:37 ====
=== 2026-09-08T14:00:41+08:00 r2 monitor ===
active
enabled
2026-09-08 13:49:14,181  INFO     ale_run.environments.providers.docker  Container ale-engineering-abb-irb6700-asset-to-urdf-in-20313a1f sizing: machine_type=c4-standard-4 -> cpus=1.5 memory=2g (res=1024x768)
2026-09-08 13:49:14,181  INFO     ale_run.environments.providers.docker  Creating Docker container ale-engineering-abb-irb6700-asset-to-urdf-in-20313a1f from agentslastexam/ale-ubuntu22-docker:latest
2026-09-08 13:49:19,777  INFO     ale_run.orchestration.runner  [adapters.ale_official.deployer.MetisDeployer/education_info/moodle_gradebook_closeout_reconciliation/v0] done: status=completed score=0.975 duration=1393.2s (attempt 1/3)
2026-09-08 13:49:20,532  INFO     ale_run.environments.providers.docker  Container ale-engineering-abb-irb6700-asset-to-urdf-in-20313a1f started (id=d51ea92d233d)
2026-09-08 13:49:20,643  INFO     ale_run.environments.providers.docker  Container ale-engineering-abb-irb6700-asset-to-urdf-in-20313a1f ports: cua=32937 vnc=32938
2026-09-08 13:50:26,931  INFO     ale_run.environments.providers.gcloud  CUA server ready at http://localhost:32937
2026-09-08 13:50:26,932  INFO     computer  Logger set to INFO level
2026-09-08 13:50:26,932  INFO     computer  Initializing Computer...
2026-09-08 13:50:26,932  INFO     computer  Logger set to INFO level
2026-09-08 13:50:26,932  INFO     computer.vm  Logger set to INFO level
2026-09-08 13:50:26,932  INFO     computer.interface  Logger set to INFO level
2026-09-08 13:50:26,932  INFO     core.telemetry  Recording event: computer_initialized with properties: {'version': '0.1.8', 'os': 'linux', 'os_version': '6.8.0-138-generic', 'python_version': '3.12.3', 'provider_type': 'lume'}
2026-09-08 13:50:26,933  INFO     core.telemetry  Sent event to PostHog: computer_initialized
2026-09-08 13:50:27,723  INFO     cua.interface  Logger set to INFO level
2026-09-08 13:50:27,724  INFO     computer.interface.linux  Logger set to INFO level
2026-09-08 13:50:28,416  INFO     ale_run.environments.task_data.local_host  local: staged ['input'] for abb_irb6700_asset_to_urdf_instance_1 from task-data/engineering/abb_irb6700_asset_to_urdf_instance_1/base
2026-09-08 13:50:28,494  INFO     ale_run.tasks.loader  Loaded task config via load() function
2026-09-08 13:50:28,495  INFO     ale_run.tasks.driver  Running task setup (attempt 1/4)...
2026-09-08 13:50:28,495  INFO     ale_run.tasks.driver  Task setup completed
2026-09-08 13:52:08,933  INFO     ale_run.executors.sandbox  sandbox: spawned pid=1464 (deployer=MetisDeployer, work_dir=/home/user/.ale/metis/adapters_ale_official_deployer_metisdeployer__gpt-5-6-luna__engineering__abb_irb6700_asset_to_urdf_instance_1__v0__20260908_031931)
--- docker ---
ale-engineering-abb-irb6700-asset-to-urdf-in-20313a1f Up 11 minutes
--- progress ---
best_tasks=32/98 status={'completed': 32} done≈32
completed_mean=0.4882 n=32
/dev/mapper/ubuntu--vg-ubuntu--lv  490G  269G  201G  58% /
---
==== 2026-09-08 14:00:41 ====
run.json finished: 41
cats {'pending_or_running': 66, 'completed_score>0': 23, 'completed_score=0': 9}
---
active
active
SOCAT_OK
FETCH=0
parsed finished=38 active=active sing=active socat_ok=1 fetch=0 cats {'pending_or_running': 69, 'completed_score>0': 20, 'completed_score=0': 9}
parsed finished=39 active=active sing=active socat_ok=1 fetch=0 cats {'pending_or_running': 68, 'completed_score>0': 21, 'completed_score=0': 9}
parsed finished=41 active=active sing=active socat_ok=1 fetch=0 cats {'pending_or_running': 66, 'completed_score>0': 23, 'completed_score=0': 9}
ale-engineering-abb-irb6700-asset-to-urdf-in-20313a1f Up 11 minutes
summary finished=41 best=best_tasks=32/98 active=active fetch=0
==== observe poll=6 2026-09-08 14:40:42 ====
=== 2026-09-08T14:40:43+08:00 r2 monitor ===
active
enabled
2026-09-08 14:10:12,072  INFO     ale_run.environments.providers.docker  Container ale-engineering-aerospace-low-thrust-traject-58e67d30 sizing: machine_type=c4-standard-4 -> cpus=1.5 memory=2g (res=1024x768)
2026-09-08 14:10:12,072  INFO     ale_run.environments.providers.docker  Creating Docker container ale-engineering-aerospace-low-thrust-traject-58e67d30 from agentslastexam/ale-ubuntu22-docker:latest
2026-09-08 14:10:18,680  INFO     ale_run.orchestration.runner  [adapters.ale_official.deployer.MetisDeployer/engineering/abb_irb6700_asset_to_urdf_instance_1/v0] done: status=completed score=0.5728 duration=1258.4s (attempt 1/3)
2026-09-08 14:10:19,407  INFO     ale_run.environments.providers.docker  Container ale-engineering-aerospace-low-thrust-traject-58e67d30 started (id=d5b48db895dd)
2026-09-08 14:10:19,513  INFO     ale_run.environments.providers.docker  Container ale-engineering-aerospace-low-thrust-traject-58e67d30 ports: cua=32939 vnc=32940
2026-09-08 14:11:19,779  INFO     ale_run.environments.providers.gcloud  CUA server ready at http://localhost:32939
2026-09-08 14:11:19,780  INFO     computer  Logger set to INFO level
2026-09-08 14:11:19,780  INFO     computer  Initializing Computer...
2026-09-08 14:11:19,780  INFO     computer  Logger set to INFO level
2026-09-08 14:11:19,780  INFO     computer.vm  Logger set to INFO level
2026-09-08 14:11:19,780  INFO     computer.interface  Logger set to INFO level
2026-09-08 14:11:19,780  INFO     core.telemetry  Recording event: computer_initialized with properties: {'version': '0.1.8', 'os': 'linux', 'os_version': '6.8.0-138-generic', 'python_version': '3.12.3', 'provider_type': 'lume'}
2026-09-08 14:11:19,781  INFO     core.telemetry  Sent event to PostHog: computer_initialized
2026-09-08 14:11:20,507  INFO     cua.interface  Logger set to INFO level
2026-09-08 14:11:20,507  INFO     computer.interface.linux  Logger set to INFO level
2026-09-08 14:11:21,162  INFO     ale_run.environments.task_data.local_host  local: staged ['input', 'software'] for aerospace_low_thrust_trajectory from task-data/engineering/aerospace_low_thrust_trajectory/base
2026-09-08 14:11:21,175  INFO     ale_run.tasks.loader  Loaded task config via load() function
2026-09-08 14:11:21,176  INFO     ale_run.tasks.driver  Running task setup (attempt 1/4)...
2026-09-08 14:11:21,176  INFO     ale_run.tasks.driver  Task setup completed
2026-09-08 14:12:59,897  INFO     ale_run.executors.sandbox  sandbox: spawned pid=1474 (deployer=MetisDeployer, work_dir=/home/user/.ale/metis/adapters_ale_official_deployer_metisdeployer__gpt-5-6-luna__engineering__aerospace_low_thrust_trajectory__v0__20260908_031931)
--- docker ---
ale-engineering-aerospace-low-thrust-traject-58e67d30 Up 30 minutes
--- progress ---
best_tasks=33/98 status={'completed': 33} done≈33
completed_mean=0.4908 n=33
/dev/mapper/ubuntu--vg-ubuntu--lv  490G  269G  200G  58% /
---
==== 2026-09-08 14:40:44 ====
run.json finished: 42
cats {'pending_or_running': 65, 'completed_score>0': 24, 'completed_score=0': 9}
---
active
active
SOCAT_OK
FETCH=0
parsed finished=39 active=active sing=active socat_ok=1 fetch=0 cats {'pending_or_running': 68, 'completed_score>0': 21, 'completed_score=0': 9}
parsed finished=41 active=active sing=active socat_ok=1 fetch=0 cats {'pending_or_running': 66, 'completed_score>0': 23, 'completed_score=0': 9}
parsed finished=42 active=active sing=active socat_ok=1 fetch=0 cats {'pending_or_running': 65, 'completed_score>0': 24, 'completed_score=0': 9}
ale-engineering-aerospace-low-thrust-traject-58e67d30 Up 30 minutes
summary finished=42 best=best_tasks=33/98 active=active fetch=0
==== observe poll=7 2026-09-08 15:20:44 ====
=== 2026-09-08T15:20:49+08:00 r2 monitor ===
active
enabled
2026-09-08 15:15:19,379  INFO     ale_run.environments.providers.docker  Container ale-engineering-mpc-control-building-v1-04e198ed sizing: machine_type=c4-standard-4 -> cpus=1.5 memory=2g (res=1024x768)
2026-09-08 15:15:19,380  INFO     ale_run.environments.providers.docker  Creating Docker container ale-engineering-mpc-control-building-v1-04e198ed from agentslastexam/ale-ubuntu22-docker:latest
2026-09-08 15:15:26,030  INFO     ale_run.orchestration.runner  [adapters.ale_official.deployer.MetisDeployer/engineering/humanoid_wbc_policy_evaluation/v0] done: status=completed score=0.475 duration=895.1s (attempt 1/3)
2026-09-08 15:15:26,849  INFO     ale_run.environments.providers.docker  Container ale-engineering-mpc-control-building-v1-04e198ed started (id=7519df60b101)
2026-09-08 15:15:27,011  INFO     ale_run.environments.providers.docker  Container ale-engineering-mpc-control-building-v1-04e198ed ports: cua=32945 vnc=32946
2026-09-08 15:16:24,293  INFO     ale_run.environments.providers.gcloud  CUA server ready at http://localhost:32945
2026-09-08 15:16:24,293  INFO     computer  Logger set to INFO level
2026-09-08 15:16:24,294  INFO     computer  Initializing Computer...
2026-09-08 15:16:24,294  INFO     computer  Logger set to INFO level
2026-09-08 15:16:24,294  INFO     computer.vm  Logger set to INFO level
2026-09-08 15:16:24,294  INFO     computer.interface  Logger set to INFO level
2026-09-08 15:16:24,294  INFO     core.telemetry  Recording event: computer_initialized with properties: {'version': '0.1.8', 'os': 'linux', 'os_version': '6.8.0-138-generic', 'python_version': '3.12.3', 'provider_type': 'lume'}
2026-09-08 15:16:24,295  INFO     core.telemetry  Sent event to PostHog: computer_initialized
2026-09-08 15:16:25,098  INFO     cua.interface  Logger set to INFO level
2026-09-08 15:16:25,098  INFO     computer.interface.linux  Logger set to INFO level
2026-09-08 15:16:25,854  INFO     ale_run.environments.task_data.local_host  local: staged ['input', 'software'] for mpc_control_building_v1 from task-data/engineering/mpc_control_building_v1/base
2026-09-08 15:16:25,857  INFO     ale_run.tasks.loader  Loaded task config via load() function
2026-09-08 15:16:25,857  INFO     ale_run.tasks.driver  Running task setup (attempt 1/4)...
2026-09-08 15:16:25,858  INFO     ale_run.tasks.driver  Task setup completed
2026-09-08 15:18:05,086  INFO     ale_run.executors.sandbox  sandbox: spawned pid=1457 (deployer=MetisDeployer, work_dir=/home/user/.ale/metis/adapters_ale_official_deployer_metisdeployer__gpt-5-6-luna__engineering__mpc_control_building_v1__v0__20260908_031933)
--- docker ---
ale-engineering-mpc-control-building-v1-04e198ed Up 5 minutes
--- progress ---
best_tasks=36/98 status={'completed': 36} done≈36
completed_mean=0.4686 n=36
/dev/mapper/ubuntu--vg-ubuntu--lv  490G  269G  201G  58% /
---
==== 2026-09-08 15:20:51 ====
run.json finished: 45
cats {'pending_or_running': 62, 'completed_score>0': 26, 'completed_score=0': 10}
---
active
active
SOCAT_OK
FETCH=0
parsed finished=41 active=active sing=active socat_ok=1 fetch=0 cats {'pending_or_running': 66, 'completed_score>0': 23, 'completed_score=0': 9}
parsed finished=42 active=active sing=active socat_ok=1 fetch=0 cats {'pending_or_running': 65, 'completed_score>0': 24, 'completed_score=0': 9}
parsed finished=45 active=active sing=active socat_ok=1 fetch=0 cats {'pending_or_running': 62, 'completed_score>0': 26, 'completed_score=0': 10}
ale-engineering-mpc-control-building-v1-04e198ed Up 5 minutes
summary finished=45 best=best_tasks=36/98 active=active fetch=0
==== observe poll=8 2026-09-08 17:24:53 ====
=== 2026-09-08T17:24:59+08:00 r2 monitor ===
active
enabled
2026-09-08 17:05:09,047  INFO     ale_run.environments.providers.docker  Container ale-health-medicine-causal-ihdp-ite-estimati-20786050 sizing: machine_type=c4-standard-4 -> cpus=1.5 memory=2g (res=1024x768)
2026-09-08 17:05:09,047  INFO     ale_run.environments.providers.docker  Creating Docker container ale-health-medicine-causal-ihdp-ite-estimati-20786050 from agentslastexam/ale-ubuntu22-docker:latest
2026-09-08 17:05:11,705  INFO     ale_run.orchestration.runner  [adapters.ale_official.deployer.MetisDeployer/health_medicine/Clinical_Variant_Annotation/v0] done: status=completed score=0.8 duration=1480.9s (attempt 1/3)
2026-09-08 17:05:14,663  INFO     ale_run.environments.providers.docker  Container ale-health-medicine-causal-ihdp-ite-estimati-20786050 started (id=24945652c5c5)
2026-09-08 17:05:14,780  INFO     ale_run.environments.providers.docker  Container ale-health-medicine-causal-ihdp-ite-estimati-20786050 ports: cua=32953 vnc=32954
2026-09-08 17:06:15,091  INFO     ale_run.environments.providers.gcloud  CUA server ready at http://localhost:32953
2026-09-08 17:06:15,092  INFO     computer  Logger set to INFO level
2026-09-08 17:06:15,092  INFO     computer  Initializing Computer...
2026-09-08 17:06:15,092  INFO     computer  Logger set to INFO level
2026-09-08 17:06:15,092  INFO     computer.vm  Logger set to INFO level
2026-09-08 17:06:15,092  INFO     computer.interface  Logger set to INFO level
2026-09-08 17:06:15,093  INFO     core.telemetry  Recording event: computer_initialized with properties: {'version': '0.1.8', 'os': 'linux', 'os_version': '6.8.0-138-generic', 'python_version': '3.12.3', 'provider_type': 'lume'}
2026-09-08 17:06:15,093  INFO     core.telemetry  Sent event to PostHog: computer_initialized
2026-09-08 17:06:15,946  INFO     cua.interface  Logger set to INFO level
2026-09-08 17:06:15,947  INFO     computer.interface.linux  Logger set to INFO level
2026-09-08 17:06:17,790  INFO     ale_run.environments.task_data.local_host  local: staged ['input', 'software'] for causal_ihdp_ite_estimation_6a_v1 from task-data/health_medicine/causal_ihdp_ite_estimation_6a_v1/base
2026-09-08 17:06:17,938  INFO     ale_run.tasks.loader  Loaded task config via load() function
2026-09-08 17:06:17,940  INFO     ale_run.tasks.driver  Running task setup (attempt 1/4)...
2026-09-08 17:06:17,940  INFO     ale_run.tasks.driver  Task setup completed
2026-09-08 17:07:58,208  INFO     ale_run.executors.sandbox  sandbox: spawned pid=1466 (deployer=MetisDeployer, work_dir=/home/user/.ale/metis/adapters_ale_official_deployer_metisdeployer__gpt-5-6-luna__health_medicine__causal_ihdp_ite_estimation_6a_v1__v0__20260908_031935)
--- docker ---
ale-health-medicine-causal-ihdp-ite-estimati-20786050 Up 19 minutes
--- progress ---
best_tasks=40/98 status={'failed': 2, 'completed': 38} done≈38
completed_mean=0.4659 n=38
/dev/mapper/ubuntu--vg-ubuntu--lv  490G  270G  200G  58% /
---
==== 2026-09-08 17:25:00 ====
run.json finished: 49
cats {'pending_or_running': 60, 'completed_score>0': 28, 'completed_score=0': 10}
---
active
active
SOCAT_OK
FETCH=0
parsed finished=45 active=active sing=active socat_ok=1 fetch=0 cats {'pending_or_running': 62, 'completed_score>0': 26, 'completed_score=0': 10}
parsed finished=47 active=active sing=active socat_ok=1 fetch=0 cats {'pending_or_running': 61, 'completed_score>0': 27, 'completed_score=0': 10}
parsed finished=49 active=active sing=active socat_ok=1 fetch=0 cats {'pending_or_running': 60, 'completed_score>0': 28, 'completed_score=0': 10}
ale-health-medicine-causal-ihdp-ite-estimati-20786050 Up 19 minutes
summary finished=49 best=best_tasks=40/98 active=active fetch=0
==== observe poll=9 2026-09-08 18:05:00 ====
=== 2026-09-08T18:05:05+08:00 r2 monitor ===
active
enabled
2026-09-08 18:03:47,777  INFO     ale_run.tasks.loader  Loaded task config via load() function
2026-09-08 18:03:48,214  INFO     ale_run.environments.providers.docker  Container ale-health-medicine-crf-sdtm-mapping-4-7a633846 sizing: machine_type=c4-standard-4 -> cpus=1.5 memory=2g (res=1024x768)
2026-09-08 18:03:48,214  INFO     ale_run.environments.providers.docker  Creating Docker container ale-health-medicine-crf-sdtm-mapping-4-7a633846 from agentslastexam/ale-ubuntu22-docker:latest
2026-09-08 18:03:54,654  INFO     ale_run.orchestration.runner  [adapters.ale_official.deployer.MetisDeployer/health_medicine/crf_sdtm_mapping_1/v0] done: status=completed score=0.0 duration=1246.2s (attempt 1/3)
2026-09-08 18:03:55,264  INFO     ale_run.environments.providers.docker  Container ale-health-medicine-crf-sdtm-mapping-4-7a633846 started (id=4285da704be3)
2026-09-08 18:03:55,424  INFO     ale_run.environments.providers.docker  Container ale-health-medicine-crf-sdtm-mapping-4-7a633846 ports: cua=32957 vnc=32958
2026-09-08 18:04:55,734  INFO     ale_run.environments.providers.gcloud  CUA server ready at http://localhost:32957
2026-09-08 18:04:55,734  INFO     computer  Logger set to INFO level
2026-09-08 18:04:55,734  INFO     computer  Initializing Computer...
2026-09-08 18:04:55,735  INFO     computer  Logger set to INFO level
2026-09-08 18:04:55,735  INFO     computer.vm  Logger set to INFO level
2026-09-08 18:04:55,735  INFO     computer.interface  Logger set to INFO level
2026-09-08 18:04:55,735  INFO     core.telemetry  Recording event: computer_initialized with properties: {'version': '0.1.8', 'os': 'linux', 'os_version': '6.8.0-138-generic', 'python_version': '3.12.3', 'provider_type': 'lume'}
2026-09-08 18:04:55,736  INFO     core.telemetry  Sent event to PostHog: computer_initialized
2026-09-08 18:04:56,609  INFO     cua.interface  Logger set to INFO level
2026-09-08 18:04:56,609  INFO     computer.interface.linux  Logger set to INFO level
2026-09-08 18:04:57,656  INFO     ale_run.environments.task_data.local_host  local: staged ['input', 'software'] for crf_sdtm_mapping_4 from task-data/health_medicine/crf_sdtm_mapping_4/base
2026-09-08 18:04:57,684  INFO     ale_run.tasks.loader  Loaded task config via load() function
2026-09-08 18:04:57,686  INFO     ale_run.tasks.driver  Running task setup (attempt 1/4)...
2026-09-08 18:04:57,686  INFO     ale_run.tasks.driver  Task setup completed
--- docker ---
ale-health-medicine-crf-sdtm-mapping-4-7a633846 Up About a minute
--- progress ---
best_tasks=42/98 status={'failed': 2, 'completed': 40} done≈40
completed_mean=0.4469 n=40
/dev/mapper/ubuntu--vg-ubuntu--lv  490G  270G  200G  58% /
---
==== 2026-09-08 18:05:05 ====
run.json finished: 51
cats {'pending_or_running': 58, 'completed_score>0': 29, 'completed_score=0': 11}
---
active
active
SOCAT_OK
FETCH=0
parsed finished=47 active=active sing=active socat_ok=1 fetch=0 cats {'pending_or_running': 61, 'completed_score>0': 27, 'completed_score=0': 10}
parsed finished=49 active=active sing=active socat_ok=1 fetch=0 cats {'pending_or_running': 60, 'completed_score>0': 28, 'completed_score=0': 10}
parsed finished=50 active=active sing=active socat_ok=1 fetch=0 cats {'pending_or_running': 59, 'completed_score>0': 29, 'completed_score=0': 10}
ale-health-medicine-crf-sdtm-mapping-4-7a633846 Up About a minute
summary finished=51 best=best_tasks=42/98 active=active fetch=0
==== observe poll=10 2026-09-08 18:45:06 ====
=== 2026-09-08T18:45:11+08:00 r2 monitor ===
active
enabled
2026-09-08 18:40:13,583  INFO     ale_run.environments.providers.docker  Container ale-health-medicine-ct-geometry-calibration--481ec713 sizing: machine_type=c4-standard-4 -> cpus=1.5 memory=2g (res=1024x768)
2026-09-08 18:40:13,583  INFO     ale_run.environments.providers.docker  Creating Docker container ale-health-medicine-ct-geometry-calibration--481ec713 from agentslastexam/ale-ubuntu22-docker:latest
2026-09-08 18:40:13,684  INFO     ale_run.orchestration.runner  [adapters.ale_official.deployer.MetisDeployer/health_medicine/crf_sdtm_mapping_4/v0] done: status=completed score=0.4091 duration=2166.6s (attempt 1/3)
2026-09-08 18:40:18,033  INFO     ale_run.environments.providers.docker  Container ale-health-medicine-ct-geometry-calibration--481ec713 started (id=7ff446d58891)
2026-09-08 18:40:18,175  INFO     ale_run.environments.providers.docker  Container ale-health-medicine-ct-geometry-calibration--481ec713 ports: cua=32959 vnc=32960
2026-09-08 18:41:24,476  INFO     ale_run.environments.providers.gcloud  CUA server ready at http://localhost:32959
2026-09-08 18:41:24,477  INFO     computer  Logger set to INFO level
2026-09-08 18:41:24,477  INFO     computer  Initializing Computer...
2026-09-08 18:41:24,477  INFO     computer  Logger set to INFO level
2026-09-08 18:41:24,478  INFO     computer.vm  Logger set to INFO level
2026-09-08 18:41:24,478  INFO     computer.interface  Logger set to INFO level
2026-09-08 18:41:24,478  INFO     core.telemetry  Recording event: computer_initialized with properties: {'version': '0.1.8', 'os': 'linux', 'os_version': '6.8.0-138-generic', 'python_version': '3.12.3', 'provider_type': 'lume'}
2026-09-08 18:41:24,668  INFO     core.telemetry  Sent event to PostHog: computer_initialized
2026-09-08 18:41:25,492  INFO     cua.interface  Logger set to INFO level
2026-09-08 18:41:25,493  INFO     computer.interface.linux  Logger set to INFO level
2026-09-08 18:41:26,362  INFO     ale_run.environments.task_data.local_host  local: staged ['input', 'software'] for ct_geometry_calibration_catphan from task-data/health_medicine/ct_geometry_calibration_catphan/instance_1
2026-09-08 18:41:26,367  INFO     ale_run.tasks.loader  Loaded task config via load() function
2026-09-08 18:41:26,368  INFO     ale_run.tasks.driver  Running task setup (attempt 1/4)...
2026-09-08 18:41:26,368  INFO     ale_run.tasks.driver  Task setup completed
2026-09-08 18:43:06,761  INFO     ale_run.executors.sandbox  sandbox: spawned pid=1464 (deployer=MetisDeployer, work_dir=/home/user/.ale/metis/adapters_ale_official_deployer_metisdeployer__gpt-5-6-luna__health_medicine__ct_geometry_calibration_catphan__v0__20260908_031936)
--- docker ---
ale-health-medicine-ct-geometry-calibration--481ec713 Up 4 minutes
--- progress ---
best_tasks=43/98 status={'failed': 2, 'completed': 41} done≈41
completed_mean=0.4460 n=41
/dev/mapper/ubuntu--vg-ubuntu--lv  490G  270G  200G  58% /
---
==== 2026-09-08 18:45:21 ====
run.json finished: 52
cats {'pending_or_running': 57, 'completed_score>0': 30, 'completed_score=0': 11}
---
active
active
SOCAT_OK
FETCH=0
parsed finished=49 active=active sing=active socat_ok=1 fetch=0 cats {'pending_or_running': 60, 'completed_score>0': 28, 'completed_score=0': 10}
parsed finished=50 active=active sing=active socat_ok=1 fetch=0 cats {'pending_or_running': 59, 'completed_score>0': 29, 'completed_score=0': 10}
parsed finished=52 active=active sing=active socat_ok=1 fetch=0 cats {'pending_or_running': 57, 'completed_score>0': 30, 'completed_score=0': 11}
ale-health-medicine-ct-geometry-calibration--481ec713 Up 5 minutes
summary finished=52 best=best_tasks=43/98 active=active fetch=0
==== observe poll=11 2026-09-08 19:25:22 ====
=== 2026-09-08T19:25:24+08:00 r2 monitor ===
active
enabled
2026-09-08 18:43:06,761  INFO     ale_run.executors.sandbox  sandbox: spawned pid=1464 (deployer=MetisDeployer, work_dir=/home/user/.ale/metis/adapters_ale_official_deployer_metisdeployer__gpt-5-6-luna__health_medicine__ct_geometry_calibration_catphan__v0__20260908_031936)
2026-09-08 19:24:36,699  INFO     ale_run.environments.output_pull  pull_to_host(docker cp): /media/user/data/agenthle/health_medicine/ct_geometry_calibration_catphan/instance_1/output → /home/oliver/ale-bench/logs/ale/metis_ale_docker_official_99_r2/adapters_ale_official_deployer_metisdeployer/gpt-5-6-luna/health_medicine__ct_geometry_calibration_catphan/v0/20260908_031936/output (files=2 bytes=1049479)
2026-09-08 19:24:37,097  INFO     ale_run.environments.task_data.local_host  local: staged reference task-data/health_medicine/ct_geometry_calibration_catphan/instance_1/reference -> ale-health-medicine-ct-geometry-calibration--481ec713:/media/user/data/agenthle/health_medicine/ct_geometry_calibration_catphan/instance_1/reference
2026-09-08 19:24:37,276  WARNING  core.telemetry.otel  OpenTelemetry packages not installed: No module named 'opentelemetry.exporter'. Install with: pip install opentelemetry-api opentelemetry-sdk opentelemetry-exporter-otlp-proto-http
2026-09-08 19:24:37,300  WARNING  core.telemetry.otel  OpenTelemetry packages not installed: No module named 'opentelemetry.exporter'. Install with: pip install opentelemetry-api opentelemetry-sdk opentelemetry-exporter-otlp-proto-http
2026-09-08 19:24:37,300  WARNING  core.telemetry.otel  OpenTelemetry packages not installed: No module named 'opentelemetry.exporter'. Install with: pip install opentelemetry-api opentelemetry-sdk opentelemetry-exporter-otlp-proto-http
2026-09-08 19:24:37,305  WARNING  core.telemetry.otel  OpenTelemetry packages not installed: No module named 'opentelemetry.exporter'. Install with: pip install opentelemetry-api opentelemetry-sdk opentelemetry-exporter-otlp-proto-http
2026-09-08 19:24:37,306  WARNING  core.telemetry.otel  OpenTelemetry packages not installed: No module named 'opentelemetry.exporter'. Install with: pip install opentelemetry-api opentelemetry-sdk opentelemetry-exporter-otlp-proto-http
2026-09-08 19:24:37,311  WARNING  core.telemetry.otel  OpenTelemetry packages not installed: No module named 'opentelemetry.exporter'. Install with: pip install opentelemetry-api opentelemetry-sdk opentelemetry-exporter-otlp-proto-http
2026-09-08 19:24:39,376  INFO     _task_health_medicine_ct_geometry_calibration_catphan  SSIM=0.865412  MSE=1.42e-06  (thresholds: SSIM>=0.95, MSE<=4.0e-06)
2026-09-08 19:24:39,394  INFO     computer  Stopping Computer...
2026-09-08 19:24:39,394  INFO     computer  Computer stopped
2026-09-08 19:24:39,394  WARNING  core.telemetry.otel  OpenTelemetry packages not installed: No module named 'opentelemetry.exporter'. Install with: pip install opentelemetry-api opentelemetry-sdk opentelemetry-exporter-otlp-proto-http
2026-09-08 19:24:39,395  INFO     ale_run.environments.providers.docker  Removing container ale-health-medicine-ct-geometry-calibration--481ec713
2026-09-08 19:24:39,763  INFO     ale_run.tasks.loader  Loaded task config via load() function
2026-09-08 19:24:39,949  INFO     ale_run.environments.providers.docker  Container ale-health-medicine-epidemiology-forecast-18e854b8 sizing: machine_type=c4-standard-4 -> cpus=1.5 memory=2g (res=1024x768)
2026-09-08 19:24:39,949  INFO     ale_run.environments.providers.docker  Creating Docker container ale-health-medicine-epidemiology-forecast-18e854b8 from agentslastexam/ale-ubuntu22-docker:latest
2026-09-08 19:24:47,153  INFO     ale_run.orchestration.runner  [adapters.ale_official.deployer.MetisDeployer/health_medicine/ct_geometry_calibration_catphan/v0] done: status=completed score=0.0 duration=2683.3s (attempt 1/3)
2026-09-08 19:24:47,752  INFO     ale_run.environments.providers.docker  Container ale-health-medicine-epidemiology-forecast-18e854b8 started (id=f10ba9dca3d2)
2026-09-08 19:24:47,886  INFO     ale_run.environments.providers.docker  Container ale-health-medicine-epidemiology-forecast-18e854b8 ports: cua=32961 vnc=32962
--- docker ---
ale-health-medicine-epidemiology-forecast-18e854b8 Up 38 seconds
--- progress ---
best_tasks=44/98 status={'failed': 2, 'completed': 42} done≈42
completed_mean=0.4354 n=42
/dev/mapper/ubuntu--vg-ubuntu--lv  490G  270G  200G  58% /
---
==== 2026-09-08 19:25:27 ====
run.json finished: 53
cats {'pending_or_running': 56, 'completed_score>0': 30, 'completed_score=0': 12}
---
active
active
SOCAT_OK
FETCH=0
parsed finished=50 active=active sing=active socat_ok=1 fetch=0 cats {'pending_or_running': 59, 'completed_score>0': 29, 'completed_score=0': 10}
parsed finished=52 active=active sing=active socat_ok=1 fetch=0 cats {'pending_or_running': 57, 'completed_score>0': 30, 'completed_score=0': 11}
parsed finished=52 active=active sing=active socat_ok=1 fetch=0 cats {'pending_or_running': 57, 'completed_score>0': 30, 'completed_score=0': 11}
ale-health-medicine-epidemiology-forecast-18e854b8 Up 42 seconds
summary finished=53 best=best_tasks=44/98 active=active fetch=0
==== observe poll=12 2026-09-08 20:05:28 ====
=== 2026-09-08T20:05:32+08:00 r2 monitor ===
active
enabled
2026-09-08 19:57:54,865  INFO     ale_run.environments.providers.docker  Container ale-health-medicine-flusight-offline-hosp-fo-b5aad93b sizing: machine_type=c4-standard-4 -> cpus=1.5 memory=2g (res=1024x768)
2026-09-08 19:57:54,865  INFO     ale_run.environments.providers.docker  Creating Docker container ale-health-medicine-flusight-offline-hosp-fo-b5aad93b from agentslastexam/ale-ubuntu22-docker:latest
2026-09-08 19:58:02,445  INFO     ale_run.environments.providers.docker  Container ale-health-medicine-flusight-offline-hosp-fo-b5aad93b started (id=8a77506b9964)
2026-09-08 19:58:02,584  INFO     ale_run.environments.providers.docker  Container ale-health-medicine-flusight-offline-hosp-fo-b5aad93b ports: cua=32963 vnc=32964
2026-09-08 19:58:05,264  INFO     ale_run.orchestration.runner  [adapters.ale_official.deployer.MetisDeployer/health_medicine/epidemiology_forecast/v0] done: status=completed score=0.0 duration=1983.7s (attempt 1/3)
2026-09-08 19:59:11,980  INFO     ale_run.environments.providers.gcloud  CUA server ready at http://localhost:32963
2026-09-08 19:59:12,010  INFO     computer  Logger set to INFO level
2026-09-08 19:59:12,011  INFO     computer  Initializing Computer...
2026-09-08 19:59:12,011  INFO     computer  Logger set to INFO level
2026-09-08 19:59:12,011  INFO     computer.vm  Logger set to INFO level
2026-09-08 19:59:12,011  INFO     computer.interface  Logger set to INFO level
2026-09-08 19:59:12,011  INFO     core.telemetry  Recording event: computer_initialized with properties: {'version': '0.1.8', 'os': 'linux', 'os_version': '6.8.0-138-generic', 'python_version': '3.12.3', 'provider_type': 'lume'}
2026-09-08 19:59:12,012  INFO     core.telemetry  Sent event to PostHog: computer_initialized
2026-09-08 19:59:13,270  INFO     cua.interface  Logger set to INFO level
2026-09-08 19:59:13,270  INFO     computer.interface.linux  Logger set to INFO level
2026-09-08 19:59:17,011  INFO     ale_run.environments.task_data.local_host  local: staged ['input', 'software'] for flusight_offline_hosp_forecast_2024_12_14 from task-data/health_medicine/flusight_offline_hosp_forecast_2024_12_14/base
2026-09-08 19:59:17,065  INFO     ale_run.tasks.loader  Loaded task config via load() function
2026-09-08 19:59:17,076  INFO     ale_run.tasks.driver  Running task setup (attempt 1/4)...
2026-09-08 19:59:17,077  INFO     ale_run.tasks.driver  Task setup completed
2026-09-08 20:00:59,419  INFO     ale_run.executors.sandbox  sandbox: spawned pid=1480 (deployer=MetisDeployer, work_dir=/home/user/.ale/metis/adapters_ale_official_deployer_metisdeployer__gpt-5-6-luna__health_medicine__flusight_offline_hosp_forecast_2024_12_14__v0__20260908_031937)
--- docker ---
ale-health-medicine-flusight-offline-hosp-fo-b5aad93b Up 7 minutes
--- progress ---
best_tasks=45/98 status={'failed': 2, 'completed': 43} done≈43
completed_mean=0.4253 n=43
/dev/mapper/ubuntu--vg-ubuntu--lv  490G  270G  200G  58% /
---
==== 2026-09-08 20:05:32 ====
run.json finished: 54
cats {'pending_or_running': 55, 'completed_score>0': 30, 'completed_score=0': 13}
---
active
active
SOCAT_OK
FETCH=0
parsed finished=52 active=active sing=active socat_ok=1 fetch=0 cats {'pending_or_running': 57, 'completed_score>0': 30, 'completed_score=0': 11}
parsed finished=52 active=active sing=active socat_ok=1 fetch=0 cats {'pending_or_running': 57, 'completed_score>0': 30, 'completed_score=0': 11}
parsed finished=54 active=active sing=active socat_ok=1 fetch=0 cats {'pending_or_running': 55, 'completed_score>0': 30, 'completed_score=0': 13}
ale-health-medicine-flusight-offline-hosp-fo-b5aad93b Up 7 minutes
summary finished=54 best=best_tasks=45/98 active=active fetch=0
==== observe poll=13 2026-09-08 20:45:33 ====
SSH_FAIL:255
summary finished=? best=? active=? fetch=0
observe_loop_restart 2026-09-08 20:46:41 ssh_retry_tolerant
==== observe pollR=1 2026-09-08 20:46:41 ====
=== 2026-09-08T20:46:42+08:00 r2 monitor ===
active
enabled
2026-09-08 20:36:02,567  INFO     ale_run.environments.providers.docker  Container ale-health-medicine-healthcare-sap-group-seq-9019cad2 sizing: machine_type=c4-standard-4 -> cpus=1.5 memory=2g (res=1024x768)
2026-09-08 20:36:02,568  INFO     ale_run.environments.providers.docker  Creating Docker container ale-health-medicine-healthcare-sap-group-seq-9019cad2 from agentslastexam/ale-ubuntu22-docker:latest
2026-09-08 20:36:08,163  INFO     ale_run.orchestration.runner  [adapters.ale_official.deployer.MetisDeployer/health_medicine/healthcare_bias_audit_27a_public_replication_v1/v0] done: status=completed score=0.0 duration=1272.2s (attempt 1/3)
2026-09-08 20:36:09,553  INFO     ale_run.environments.providers.docker  Container ale-health-medicine-healthcare-sap-group-seq-9019cad2 started (id=cc98de326a5c)
2026-09-08 20:36:09,682  INFO     ale_run.environments.providers.docker  Container ale-health-medicine-healthcare-sap-group-seq-9019cad2 ports: cua=32967 vnc=32968
2026-09-08 20:37:16,659  INFO     ale_run.environments.providers.gcloud  CUA server ready at http://localhost:32967
2026-09-08 20:37:16,725  INFO     computer  Logger set to INFO level
2026-09-08 20:37:16,725  INFO     computer  Initializing Computer...
2026-09-08 20:37:16,725  INFO     computer  Logger set to INFO level
2026-09-08 20:37:16,725  INFO     computer.vm  Logger set to INFO level
2026-09-08 20:37:16,725  INFO     computer.interface  Logger set to INFO level
2026-09-08 20:37:16,726  INFO     core.telemetry  Recording event: computer_initialized with properties: {'version': '0.1.8', 'os': 'linux', 'os_version': '6.8.0-138-generic', 'python_version': '3.12.3', 'provider_type': 'lume'}
2026-09-08 20:37:16,740  INFO     core.telemetry  Sent event to PostHog: computer_initialized
2026-09-08 20:37:18,185  INFO     cua.interface  Logger set to INFO level
2026-09-08 20:37:18,186  INFO     computer.interface.linux  Logger set to INFO level
2026-09-08 20:37:18,730  INFO     ale_run.environments.task_data.local_host  local: staged ['input'] for healthcare_sap_group_sequential_nsclc from task-data/health_medicine/healthcare_sap_group_sequential_nsclc/base
2026-09-08 20:37:18,770  INFO     ale_run.tasks.loader  Loaded task config via load() function
2026-09-08 20:37:18,771  INFO     ale_run.tasks.driver  Running task setup (attempt 1/4)...
2026-09-08 20:37:18,771  INFO     ale_run.tasks.driver  Task setup completed
2026-09-08 20:38:58,646  INFO     ale_run.executors.sandbox  sandbox: spawned pid=1462 (deployer=MetisDeployer, work_dir=/home/user/.ale/metis/adapters_ale_official_deployer_metisdeployer__gpt-5-6-luna__health_medicine__healthcare_sap_group_sequential_nsclc__v0__20260908_031937)
--- docker ---
ale-health-medicine-healthcare-sap-group-seq-9019cad2 Up 10 minutes
--- progress ---
best_tasks=47/98 status={'failed': 2, 'completed': 45} done≈45
completed_mean=0.4064 n=45
/dev/mapper/ubuntu--vg-ubuntu--lv  490G  270G  200G  58% /
---
==== 2026-09-08 20:46:42 ====
run.json finished: 56
cats {'pending_or_running': 53, 'completed_score>0': 30, 'completed_score=0': 15}
---
active
active
SOCAT_OK
FETCH=0
parsed finished=52 active=active sing=active socat_ok=1 fetch=0 cats {'pending_or_running': 57, 'completed_score>0': 30, 'completed_score=0': 11}
parsed finished=54 active=active sing=active socat_ok=1 fetch=0 cats {'pending_or_running': 55, 'completed_score>0': 30, 'completed_score=0': 13}
parsed finished=56 active=active sing=active socat_ok=1 fetch=0 cats {'pending_or_running': 53, 'completed_score>0': 30, 'completed_score=0': 15}
ale-health-medicine-healthcare-sap-group-seq-9019cad2 Up 10 minutes
summary finished=56 best=best_tasks=47/98 active=active fetch=0
==== observe pollR=2 2026-09-08 21:26:43 ====
=== 2026-09-08T21:27:04+08:00 r2 monitor ===
active
enabled
2026-09-08 20:38:58,646  INFO     ale_run.executors.sandbox  sandbox: spawned pid=1462 (deployer=MetisDeployer, work_dir=/home/user/.ale/metis/adapters_ale_official_deployer_metisdeployer__gpt-5-6-luna__health_medicine__healthcare_sap_group_sequential_nsclc__v0__20260908_031937)
2026-09-08 21:25:24,744  WARNING  ale_run.executors.sandbox  gather_dir: gather capped (deadline_300s) after 5 files — skipped remainder of /home/user/.ale/metis/adapters_ale_official_deployer_metisdeployer__gpt-5-6-luna__health_medicine__healthcare_sap_group_sequential_nsclc__v0__20260908_031937
2026-09-08 21:25:31,206  INFO     ale_run.environments.output_pull  pull_to_host(docker cp): /media/user/data/agenthle/health_medicine/healthcare_sap_group_sequential_nsclc/base/output → /home/oliver/ale-bench/logs/ale/metis_ale_docker_official_99_r2/adapters_ale_official_deployer_metisdeployer/gpt-5-6-luna/health_medicine__healthcare_sap_group_sequential_nsclc/v0/20260908_031937/output (files=8 bytes=46361)
2026-09-08 21:25:34,311  INFO     ale_run.environments.task_data.local_host  local: staged reference task-data/health_medicine/healthcare_sap_group_sequential_nsclc/base/reference -> ale-health-medicine-healthcare-sap-group-seq-9019cad2:/media/user/data/agenthle/health_medicine/healthcare_sap_group_sequential_nsclc/base/reference
2026-09-08 21:25:37,006  WARNING  core.telemetry.otel  OpenTelemetry packages not installed: No module named 'opentelemetry.exporter'. Install with: pip install opentelemetry-api opentelemetry-sdk opentelemetry-exporter-otlp-proto-http
2026-09-08 21:25:37,091  WARNING  core.telemetry.otel  OpenTelemetry packages not installed: No module named 'opentelemetry.exporter'. Install with: pip install opentelemetry-api opentelemetry-sdk opentelemetry-exporter-otlp-proto-http
2026-09-08 21:25:37,109  WARNING  core.telemetry.otel  OpenTelemetry packages not installed: No module named 'opentelemetry.exporter'. Install with: pip install opentelemetry-api opentelemetry-sdk opentelemetry-exporter-otlp-proto-http
2026-09-08 21:25:38,594  WARNING  core.telemetry.otel  OpenTelemetry packages not installed: No module named 'opentelemetry.exporter'. Install with: pip install opentelemetry-api opentelemetry-sdk opentelemetry-exporter-otlp-proto-http
2026-09-08 21:25:38,594  WARNING  core.telemetry.otel  OpenTelemetry packages not installed: No module named 'opentelemetry.exporter'. Install with: pip install opentelemetry-api opentelemetry-sdk opentelemetry-exporter-otlp-proto-http
2026-09-08 21:25:38,664  WARNING  core.telemetry.otel  OpenTelemetry packages not installed: No module named 'opentelemetry.exporter'. Install with: pip install opentelemetry-api opentelemetry-sdk opentelemetry-exporter-otlp-proto-http
2026-09-08 21:25:38,706  WARNING  core.telemetry.otel  OpenTelemetry packages not installed: No module named 'opentelemetry.exporter'. Install with: pip install opentelemetry-api opentelemetry-sdk opentelemetry-exporter-otlp-proto-http
2026-09-08 21:25:38,791  WARNING  core.telemetry.otel  OpenTelemetry packages not installed: No module named 'opentelemetry.exporter'. Install with: pip install opentelemetry-api opentelemetry-sdk opentelemetry-exporter-otlp-proto-http
2026-09-08 21:25:41,193  INFO     _task_health_medicine_healthcare_sap_group_sequential_nsclc  evaluation result: {"component_scores": {"boundaries": 0.0, "documents": 0.6666666666666666, "multiple_testing": 0.0, "plots": 1.0, "power_curve": 1.0, "sample_size": 0.0}, "hard_gate_failed": false, "issues": ["sample_size.json invalid: float() argument must be a string or a real number, not 'NoneType'", "boundaries.csv invalid: float() argument must be a string or a real number, not 'NoneType'", "secondary endpoint PFS missing", "secondary endpoint ORR missing", "secondary endpoint DOR missing", "multiple_testing.json invalid: float() argument must be a string or a real number, not 'NoneType'"], "passed": false, "score": 0.3}
2026-09-08 21:25:46,226  INFO     computer  Stopping Computer...
2026-09-08 21:25:46,226  INFO     computer  Computer stopped
2026-09-08 21:25:46,226  WARNING  core.telemetry.otel  OpenTelemetry packages not installed: No module named 'opentelemetry.exporter'. Install with: pip install opentelemetry-api opentelemetry-sdk opentelemetry-exporter-otlp-proto-http
2026-09-08 21:25:46,226  INFO     ale_run.environments.providers.docker  Removing container ale-health-medicine-healthcare-sap-group-seq-9019cad2
2026-09-08 21:26:28,377  INFO     ale_run.tasks.loader  Loaded task config via load() function
2026-09-08 21:26:43,863  INFO     ale_run.environments.providers.docker  Container ale-health-medicine-healthcare-tcga-luad-sur-92857be7 sizing: machine_type=c4-standard-4 -> cpus=1.5 memory=2g (res=1024x768)
2026-09-08 21:26:43,863  INFO     ale_run.environments.providers.docker  Creating Docker container ale-health-medicine-healthcare-tcga-luad-sur-92857be7 from agentslastexam/ale-ubuntu22-docker:latest
--- docker ---
ale-health-medicine-healthcare-sap-group-seq-9019cad2 Up 50 minutes
--- progress ---
best_tasks=47/98 status={'failed': 2, 'completed': 45} done≈45
completed_mean=0.4064 n=45
/dev/mapper/ubuntu--vg-ubuntu--lv  490G  270G  200G  58% /
---
==== 2026-09-08 21:27:05 ====
run.json finished: 56
cats {'pending_or_running': 53, 'completed_score>0': 30, 'completed_score=0': 15}
---
active
active
SOCAT_OK
FETCH=0
parsed finished=54 active=active sing=active socat_ok=1 fetch=0 cats {'pending_or_running': 55, 'completed_score>0': 30, 'completed_score=0': 13}
parsed finished=56 active=active sing=active socat_ok=1 fetch=0 cats {'pending_or_running': 53, 'completed_score>0': 30, 'completed_score=0': 15}
parsed finished=56 active=active sing=active socat_ok=1 fetch=0 cats {'pending_or_running': 53, 'completed_score>0': 30, 'completed_score=0': 15}
ale-health-medicine-healthcare-sap-group-seq-9019cad2 Up 50 minutes
summary finished=56 best=best_tasks=47/98 active=active fetch=0
==== observe pollR=3 2026-09-08 22:07:07 ====
=== 2026-09-08T22:07:11+08:00 r2 monitor ===
active
enabled
2026-09-08 21:26:43,863  INFO     ale_run.environments.providers.docker  Container ale-health-medicine-healthcare-tcga-luad-sur-92857be7 sizing: machine_type=c4-standard-4 -> cpus=1.5 memory=2g (res=1024x768)
2026-09-08 21:26:43,863  INFO     ale_run.environments.providers.docker  Creating Docker container ale-health-medicine-healthcare-tcga-luad-sur-92857be7 from agentslastexam/ale-ubuntu22-docker:latest
2026-09-08 21:29:39,133  INFO     ale_run.orchestration.runner  [adapters.ale_official.deployer.MetisDeployer/health_medicine/healthcare_sap_group_sequential_nsclc/v0] done: status=completed score=0.3 duration=2976.9s (attempt 1/3)
2026-09-08 21:31:28,363  INFO     ale_run.environments.providers.docker  Container ale-health-medicine-healthcare-tcga-luad-sur-92857be7 started (id=df63eaaf9656)
2026-09-08 21:31:28,470  INFO     ale_run.environments.providers.docker  Container ale-health-medicine-healthcare-tcga-luad-sur-92857be7 ports: cua=32969 vnc=32970
2026-09-08 21:32:31,821  INFO     ale_run.environments.providers.gcloud  CUA server ready at http://localhost:32969
2026-09-08 21:32:31,849  INFO     computer  Logger set to INFO level
2026-09-08 21:32:31,849  INFO     computer  Initializing Computer...
2026-09-08 21:32:31,849  INFO     computer  Logger set to INFO level
2026-09-08 21:32:31,849  INFO     computer.vm  Logger set to INFO level
2026-09-08 21:32:31,850  INFO     computer.interface  Logger set to INFO level
2026-09-08 21:32:31,850  INFO     core.telemetry  Recording event: computer_initialized with properties: {'version': '0.1.8', 'os': 'linux', 'os_version': '6.8.0-138-generic', 'python_version': '3.12.3', 'provider_type': 'lume'}
2026-09-08 21:32:31,850  INFO     core.telemetry  Sent event to PostHog: computer_initialized
2026-09-08 21:32:32,838  INFO     cua.interface  Logger set to INFO level
2026-09-08 21:32:32,838  INFO     computer.interface.linux  Logger set to INFO level
2026-09-08 21:32:34,368  INFO     ale_run.environments.task_data.local_host  local: staged ['input', 'software'] for healthcare_tcga_luad_survival_kras from task-data/health_medicine/healthcare_tcga_luad_survival_kras/base
2026-09-08 21:32:34,712  INFO     ale_run.tasks.loader  Loaded task config via load() function
2026-09-08 21:32:34,713  INFO     ale_run.tasks.driver  Running task setup (attempt 1/4)...
2026-09-08 21:32:34,713  INFO     ale_run.tasks.driver  Task setup completed
2026-09-08 21:34:15,628  INFO     ale_run.executors.sandbox  sandbox: spawned pid=1465 (deployer=MetisDeployer, work_dir=/home/user/.ale/metis/adapters_ale_official_deployer_metisdeployer__gpt-5-6-luna__health_medicine__healthcare_tcga_luad_survival_kras__v0__20260908_031938)
--- docker ---
ale-health-medicine-healthcare-tcga-luad-sur-92857be7 Up 37 minutes
--- progress ---
best_tasks=48/98 status={'failed': 2, 'completed': 46} done≈46
completed_mean=0.4041 n=46
/dev/mapper/ubuntu--vg-ubuntu--lv  490G  271G  199G  58% /
---
==== 2026-09-08 22:07:13 ====
run.json finished: 57
cats {'pending_or_running': 52, 'completed_score>0': 31, 'completed_score=0': 15}
---
active
active
SOCAT_OK
FETCH=0
parsed finished=56 active=active sing=active socat_ok=1 fetch=0 cats {'pending_or_running': 53, 'completed_score>0': 30, 'completed_score=0': 15}
parsed finished=56 active=active sing=active socat_ok=1 fetch=0 cats {'pending_or_running': 53, 'completed_score>0': 30, 'completed_score=0': 15}
parsed finished=57 active=active sing=active socat_ok=1 fetch=0 cats {'pending_or_running': 52, 'completed_score>0': 31, 'completed_score=0': 15}
ale-health-medicine-healthcare-tcga-luad-sur-92857be7 Up 37 minutes
summary finished=57 best=best_tasks=48/98 active=active fetch=0
==== observe pollR=4 2026-09-08 22:47:14 ====
=== 2026-09-08T22:47:23+08:00 r2 monitor ===
active
enabled
2026-09-08 22:31:28,281  INFO     ale_run.environments.providers.docker  Creating Docker container ale-health-medicine-limited-angle-ct-dps-rec-5a819ec5 from agentslastexam/ale-ubuntu22-docker:latest
2026-09-08 22:31:35,253  INFO     ale_run.orchestration.runner  [adapters.ale_official.deployer.MetisDeployer/health_medicine/healthcare_variant_annotation_pipeline/v0] done: status=completed score=0.7110000000000001 duration=1056.2s (attempt 1/3)
2026-09-08 22:31:36,205  INFO     ale_run.environments.providers.docker  Container ale-health-medicine-limited-angle-ct-dps-rec-5a819ec5 started (id=d2c280ff750b)
2026-09-08 22:31:36,309  INFO     ale_run.environments.providers.docker  Container ale-health-medicine-limited-angle-ct-dps-rec-5a819ec5 ports: cua=32973 vnc=32974
2026-09-08 22:32:33,592  INFO     ale_run.environments.providers.gcloud  CUA server ready at http://localhost:32973
2026-09-08 22:32:33,593  INFO     computer  Logger set to INFO level
2026-09-08 22:32:33,593  INFO     computer  Initializing Computer...
2026-09-08 22:32:33,593  INFO     computer  Logger set to INFO level
2026-09-08 22:32:33,593  INFO     computer.vm  Logger set to INFO level
2026-09-08 22:32:33,593  INFO     computer.interface  Logger set to INFO level
2026-09-08 22:32:33,593  INFO     core.telemetry  Recording event: computer_initialized with properties: {'version': '0.1.8', 'os': 'linux', 'os_version': '6.8.0-138-generic', 'python_version': '3.12.3', 'provider_type': 'lume'}
2026-09-08 22:32:33,594  INFO     core.telemetry  Sent event to PostHog: computer_initialized
2026-09-08 22:32:43,606  WARNING  posthog  [PostHog] analytics lane flush ran out of budget (10.0s granted) with 1 items pending.
2026-09-08 22:32:43,649  INFO     cua.interface  Logger set to INFO level
2026-09-08 22:32:43,650  INFO     computer.interface.linux  Logger set to INFO level
2026-09-08 22:32:46,520  INFO     ale_run.environments.task_data.local_host  local: staged ['input', 'software'] for limited_angle_ct_dps_reconstruction from task-data/health_medicine/limited_angle_ct_dps_reconstruction/base
2026-09-08 22:32:46,563  INFO     ale_run.tasks.loader  Loaded task config via load() function
2026-09-08 22:32:46,564  INFO     ale_run.tasks.driver  Running task setup (attempt 1/4)...
2026-09-08 22:32:46,564  INFO     ale_run.tasks.driver  Task setup completed
2026-09-08 22:34:28,821  INFO     ale_run.executors.sandbox  sandbox: spawned pid=1472 (deployer=MetisDeployer, work_dir=/home/user/.ale/metis/adapters_ale_official_deployer_metisdeployer__gpt-5-6-luna__health_medicine__limited_angle_ct_dps_reconstruction__v0__20260908_031938)
--- docker ---
ale-health-medicine-limited-angle-ct-dps-rec-5a819ec5 Up 15 minutes
--- progress ---
best_tasks=50/98 status={'failed': 2, 'completed': 48} done≈48
completed_mean=0.4020 n=48
/dev/mapper/ubuntu--vg-ubuntu--lv  490G  271G  199G  58% /
---
==== 2026-09-08 22:47:24 ====
run.json finished: 59
cats {'pending_or_running': 50, 'completed_score>0': 32, 'completed_score=0': 16}
---
active
active
SOCAT_OK
FETCH=0
parsed finished=56 active=active sing=active socat_ok=1 fetch=0 cats {'pending_or_running': 53, 'completed_score>0': 30, 'completed_score=0': 15}
parsed finished=57 active=active sing=active socat_ok=1 fetch=0 cats {'pending_or_running': 52, 'completed_score>0': 31, 'completed_score=0': 15}
parsed finished=59 active=active sing=active socat_ok=1 fetch=0 cats {'pending_or_running': 50, 'completed_score>0': 32, 'completed_score=0': 16}
ale-health-medicine-limited-angle-ct-dps-rec-5a819ec5 Up 15 minutes
summary finished=59 best=best_tasks=50/98 active=active fetch=0
==== observe pollR=5 2026-09-08 23:27:25 ====
=== 2026-09-08T23:27:25+08:00 r2 monitor ===
active
enabled
2026-09-08 23:27:06,361  WARNING  core.telemetry.otel  OpenTelemetry packages not installed: No module named 'opentelemetry.exporter'. Install with: pip install opentelemetry-api opentelemetry-sdk opentelemetry-exporter-otlp-proto-http
2026-09-08 23:27:06,525  WARNING  core.telemetry.otel  OpenTelemetry packages not installed: No module named 'opentelemetry.exporter'. Install with: pip install opentelemetry-api opentelemetry-sdk opentelemetry-exporter-otlp-proto-http
2026-09-08 23:27:06,627  WARNING  core.telemetry.otel  OpenTelemetry packages not installed: No module named 'opentelemetry.exporter'. Install with: pip install opentelemetry-api opentelemetry-sdk opentelemetry-exporter-otlp-proto-http
2026-09-08 23:27:06,673  WARNING  core.telemetry.otel  OpenTelemetry packages not installed: No module named 'opentelemetry.exporter'. Install with: pip install opentelemetry-api opentelemetry-sdk opentelemetry-exporter-otlp-proto-http
2026-09-08 23:27:07,482  WARNING  core.telemetry.otel  OpenTelemetry packages not installed: No module named 'opentelemetry.exporter'. Install with: pip install opentelemetry-api opentelemetry-sdk opentelemetry-exporter-otlp-proto-http
2026-09-08 23:27:07,483  WARNING  core.telemetry.otel  OpenTelemetry packages not installed: No module named 'opentelemetry.exporter'. Install with: pip install opentelemetry-api opentelemetry-sdk opentelemetry-exporter-otlp-proto-http
2026-09-08 23:27:07,556  WARNING  core.telemetry.otel  OpenTelemetry packages not installed: No module named 'opentelemetry.exporter'. Install with: pip install opentelemetry-api opentelemetry-sdk opentelemetry-exporter-otlp-proto-http
2026-09-08 23:27:07,590  WARNING  core.telemetry.otel  OpenTelemetry packages not installed: No module named 'opentelemetry.exporter'. Install with: pip install opentelemetry-api opentelemetry-sdk opentelemetry-exporter-otlp-proto-http
2026-09-08 23:27:07,657  WARNING  core.telemetry.otel  OpenTelemetry packages not installed: No module named 'opentelemetry.exporter'. Install with: pip install opentelemetry-api opentelemetry-sdk opentelemetry-exporter-otlp-proto-http
2026-09-08 23:27:07,669  INFO     _task_health_medicine_ltmle_targeted_bootstrap_simulation_study  public_summary score=0.000 passed=False reason=public_summary_row_key_mismatch details={"missing_keys": [["Full-Data Targeting Contrast (EIF)", "n=1000,tau=3,treatment_effect=moderate,positivity_violation=moderate"], ["Full-Data Targeting Contrast (EIF)", "n=200,tau=3,treatment_effect=moderate,positivity_violation=moderate"], ["Standard LMTP Contrast (EIF)", "n=1000,tau=3,treatment_effect=moderate,positivity_violation=moderate"], ["Standard LMTP Contrast (EIF)", "n=200,tau=3,treatment_effect=moderate,positivity_violation=moderate"], ["Targeted Bootstrap (Quantile)", "n=1000,tau=3,treatment_effect=moderate,positivity_violation=moderate"], ["Targeted Bootstrap (Quantile)", "n=200,tau=3,treatment_effect=moderate,positivity_violation=moderate"], ["Targeted Bootstrap (Wald)", "n=1000,tau=3,treatment_effect=moderate,positivity_violation=moderate"], ["Targeted Bootstrap (Wald)", "n=200,tau=3,treatment_effect=moderate,positivity_violation=moderate"]], "unexpected_keys": [["standard_eif", "n=1000,tau=3,treatment_effect=moderate,positivity_violation=moderate"], ["standard_eif", "n=200,tau=3,treatment_effect=moderate,positivity_violation=moderate"], ["targeted", "n=1000,tau=3,treatment_effect=moderate,positivity_violation=moderate"], ["targeted", "n=200,tau=3,treatment_effect=moderate,positivity_violation=moderate"], ["targeted_bootstrap", "n=1000,tau=3,treatment_effect=moderate,positivity_violation=moderate"], ["targeted_bootstrap", "n=200,tau=3,treatment_effect=moderate,positivity_violation=moderate"], ["wald", "n=1000,tau=3,treatment_effect=moderate,positivity_violation=moderate"], ["wald", "n=200,tau=3,treatment_effect=moderate,positivity_violation=moderate"]]}
2026-09-08 23:27:07,711  INFO     computer  Stopping Computer...
2026-09-08 23:27:07,711  INFO     computer  Computer stopped
2026-09-08 23:27:07,711  WARNING  core.telemetry.otel  OpenTelemetry packages not installed: No module named 'opentelemetry.exporter'. Install with: pip install opentelemetry-api opentelemetry-sdk opentelemetry-exporter-otlp-proto-http
2026-09-08 23:27:07,711  INFO     ale_run.environments.providers.docker  Removing container ale-health-medicine-ltmle-targeted-bootstrap-a8940ea2
2026-09-08 23:27:11,189  INFO     ale_run.tasks.loader  Loaded task config via load() function
2026-09-08 23:27:11,409  INFO     ale_run.environments.providers.docker  Container ale-health-medicine-nhanes-confounder-sensit-d162a91d sizing: machine_type=c4-standard-4 -> cpus=1.5 memory=2g (res=1024x768)
2026-09-08 23:27:11,409  INFO     ale_run.environments.providers.docker  Creating Docker container ale-health-medicine-nhanes-confounder-sensit-d162a91d from agentslastexam/ale-ubuntu22-docker:latest
2026-09-08 23:27:13,990  INFO     ale_run.orchestration.runner  [adapters.ale_official.deployer.MetisDeployer/health_medicine/ltmle_targeted_bootstrap_simulation_study/v0] done: status=completed score=0.0 duration=1714.6s (attempt 1/3)
2026-09-08 23:27:17,378  INFO     ale_run.environments.providers.docker  Container ale-health-medicine-nhanes-confounder-sensit-d162a91d started (id=053b1c3bf9c4)
2026-09-08 23:27:17,484  INFO     ale_run.environments.providers.docker  Container ale-health-medicine-nhanes-confounder-sensit-d162a91d ports: cua=32977 vnc=32978
--- docker ---
ale-health-medicine-nhanes-confounder-sensit-d162a91d Up 10 seconds
--- progress ---
best_tasks=52/98 status={'failed': 2, 'completed': 50} done≈50
completed_mean=0.3860 n=50
/dev/mapper/ubuntu--vg-ubuntu--lv  490G  271G  199G  58% /
---
==== 2026-09-08 23:27:26 ====
run.json finished: 61
cats {'pending_or_running': 48, 'completed_score>0': 32, 'completed_score=0': 18}
---
active
active
SOCAT_OK
FETCH=0
parsed finished=57 active=active sing=active socat_ok=1 fetch=0 cats {'pending_or_running': 52, 'completed_score>0': 31, 'completed_score=0': 15}
parsed finished=59 active=active sing=active socat_ok=1 fetch=0 cats {'pending_or_running': 50, 'completed_score>0': 32, 'completed_score=0': 16}
parsed finished=60 active=active sing=active socat_ok=1 fetch=0 cats {'pending_or_running': 49, 'completed_score>0': 32, 'completed_score=0': 17}
ale-health-medicine-nhanes-confounder-sensit-d162a91d Up 11 seconds
summary finished=61 best=best_tasks=52/98 active=active fetch=0
==== observe pollR=6 2026-09-09 00:07:27 ====
=== 2026-09-09T00:07:39+08:00 r2 monitor ===
active
enabled
2026-09-08 23:44:48,948  INFO     ale_run.environments.providers.docker  Container ale-health-medicine-nsclc-radiomics-cox-sign-2d7e349f sizing: machine_type=c4-standard-4 -> cpus=1.5 memory=2g (res=1024x768)
2026-09-08 23:44:48,948  INFO     ale_run.environments.providers.docker  Creating Docker container ale-health-medicine-nsclc-radiomics-cox-sign-2d7e349f from agentslastexam/ale-ubuntu22-docker:latest
2026-09-08 23:44:56,836  INFO     ale_run.orchestration.runner  [adapters.ale_official.deployer.MetisDeployer/health_medicine/nhanes_confounder_sensitivity_analysis/v0] done: status=completed score=0.571215 duration=1047.3s (attempt 1/3)
2026-09-08 23:44:57,947  INFO     ale_run.environments.providers.docker  Container ale-health-medicine-nsclc-radiomics-cox-sign-2d7e349f started (id=e6bf79d6a5e5)
2026-09-08 23:44:58,148  INFO     ale_run.environments.providers.docker  Container ale-health-medicine-nsclc-radiomics-cox-sign-2d7e349f ports: cua=32979 vnc=32980
2026-09-08 23:46:07,743  INFO     ale_run.environments.providers.gcloud  CUA server ready at http://localhost:32979
2026-09-08 23:46:09,187  INFO     computer  Logger set to INFO level
2026-09-08 23:46:09,188  INFO     computer  Initializing Computer...
2026-09-08 23:46:09,214  INFO     computer  Logger set to INFO level
2026-09-08 23:46:09,215  INFO     computer.vm  Logger set to INFO level
2026-09-08 23:46:09,215  INFO     computer.interface  Logger set to INFO level
2026-09-08 23:46:09,281  INFO     core.telemetry  Recording event: computer_initialized with properties: {'version': '0.1.8', 'os': 'linux', 'os_version': '6.8.0-138-generic', 'python_version': '3.12.3', 'provider_type': 'lume'}
2026-09-08 23:46:09,747  INFO     core.telemetry  Sent event to PostHog: computer_initialized
2026-09-08 23:46:12,922  INFO     cua.interface  Logger set to INFO level
2026-09-08 23:46:12,923  INFO     computer.interface.linux  Logger set to INFO level
2026-09-08 23:48:51,547  INFO     ale_run.environments.task_data.local_host  local: staged ['input'] for nsclc_radiomics_cox_signature_v1 from task-data/health_medicine/nsclc_radiomics_cox_signature_v1/base
2026-09-08 23:48:51,632  INFO     ale_run.tasks.loader  Loaded task config via load() function
2026-09-08 23:48:51,646  INFO     ale_run.tasks.driver  Running task setup (attempt 1/4)...
2026-09-08 23:48:51,677  INFO     ale_run.tasks.driver  Task setup completed
2026-09-08 23:50:35,294  INFO     ale_run.executors.sandbox  sandbox: spawned pid=1478 (deployer=MetisDeployer, work_dir=/home/user/.ale/metis/adapters_ale_official_deployer_metisdeployer__gpt-5-6-luna__health_medicine__nsclc_radiomics_cox_signature_v1__v0__20260908_031939)
--- docker ---
ale-health-medicine-nsclc-radiomics-cox-sign-2d7e349f Up 22 minutes
--- progress ---
best_tasks=53/98 status={'failed': 2, 'completed': 51} done≈51
completed_mean=0.3896 n=51
/dev/mapper/ubuntu--vg-ubuntu--lv  490G  283G  186G  61% /
---
==== 2026-09-09 00:07:40 ====
run.json finished: 62
cats {'pending_or_running': 47, 'completed_score>0': 33, 'completed_score=0': 18}
---
active
active
SOCAT_OK
FETCH=0
parsed finished=59 active=active sing=active socat_ok=1 fetch=0 cats {'pending_or_running': 50, 'completed_score>0': 32, 'completed_score=0': 16}
parsed finished=60 active=active sing=active socat_ok=1 fetch=0 cats {'pending_or_running': 49, 'completed_score>0': 32, 'completed_score=0': 17}
parsed finished=62 active=active sing=active socat_ok=1 fetch=0 cats {'pending_or_running': 47, 'completed_score>0': 33, 'completed_score=0': 18}
ale-health-medicine-nsclc-radiomics-cox-sign-2d7e349f Up 22 minutes
summary finished=62 best=best_tasks=53/98 active=active fetch=0
==== observe pollR=7 2026-09-09 00:47:46 ====
=== 2026-09-09T00:47:59+08:00 r2 monitor ===
active
enabled
2026-09-09 00:43:59,094  INFO     ale_run.environments.providers.docker  Container ale-health-medicine-obermeyer-bias-reproduct-4fd60f0c sizing: machine_type=c4-standard-4 -> cpus=1.5 memory=2g (res=1024x768)
2026-09-09 00:43:59,094  INFO     ale_run.environments.providers.docker  Creating Docker container ale-health-medicine-obermeyer-bias-reproduct-4fd60f0c from agentslastexam/ale-ubuntu22-docker:latest
2026-09-09 00:44:05,845  INFO     ale_run.environments.providers.docker  Container ale-health-medicine-obermeyer-bias-reproduct-4fd60f0c started (id=9e45a5af468c)
2026-09-09 00:44:06,007  INFO     ale_run.environments.providers.docker  Container ale-health-medicine-obermeyer-bias-reproduct-4fd60f0c ports: cua=32981 vnc=32982
2026-09-09 00:44:06,480  INFO     ale_run.orchestration.runner  [adapters.ale_official.deployer.MetisDeployer/health_medicine/nsclc_radiomics_cox_signature_v1/v0] done: status=completed score=0.0 duration=3549.6s (attempt 1/3)
2026-09-09 00:45:15,446  INFO     ale_run.environments.providers.gcloud  CUA server ready at http://localhost:32981
2026-09-09 00:45:15,447  INFO     computer  Logger set to INFO level
2026-09-09 00:45:15,447  INFO     computer  Initializing Computer...
2026-09-09 00:45:15,447  INFO     computer  Logger set to INFO level
2026-09-09 00:45:15,448  INFO     computer.vm  Logger set to INFO level
2026-09-09 00:45:15,448  INFO     computer.interface  Logger set to INFO level
2026-09-09 00:45:15,448  INFO     core.telemetry  Recording event: computer_initialized with properties: {'version': '0.1.8', 'os': 'linux', 'os_version': '6.8.0-138-generic', 'python_version': '3.12.3', 'provider_type': 'lume'}
2026-09-09 00:45:15,448  INFO     core.telemetry  Sent event to PostHog: computer_initialized
2026-09-09 00:45:16,288  INFO     cua.interface  Logger set to INFO level
2026-09-09 00:45:16,288  INFO     computer.interface.linux  Logger set to INFO level
2026-09-09 00:45:17,041  INFO     ale_run.environments.task_data.local_host  local: staged ['input', 'software'] for obermeyer_bias_reproduction from task-data/health_medicine/obermeyer_bias_reproduction/base
2026-09-09 00:45:17,085  INFO     ale_run.tasks.loader  Loaded task config via load() function
2026-09-09 00:45:17,087  INFO     ale_run.tasks.driver  Running task setup (attempt 1/4)...
2026-09-09 00:45:17,113  INFO     ale_run.tasks.driver  Task setup completed
2026-09-09 00:46:56,627  INFO     ale_run.executors.sandbox  sandbox: spawned pid=1481 (deployer=MetisDeployer, work_dir=/home/user/.ale/metis/adapters_ale_official_deployer_metisdeployer__gpt-5-6-luna__health_medicine__obermeyer_bias_reproduction__v0__20260908_031940)
--- docker ---
ale-health-medicine-obermeyer-bias-reproduct-4fd60f0c Up 3 minutes
--- progress ---
best_tasks=54/98 status={'failed': 2, 'completed': 52} done≈52
completed_mean=0.3821 n=52
/dev/mapper/ubuntu--vg-ubuntu--lv  490G  271G  199G  58% /
---
==== 2026-09-09 00:47:59 ====
run.json finished: 63
cats {'pending_or_running': 46, 'completed_score>0': 33, 'completed_score=0': 19}
---
active
active
SOCAT_OK
FETCH=0
parsed finished=60 active=active sing=active socat_ok=1 fetch=0 cats {'pending_or_running': 49, 'completed_score>0': 32, 'completed_score=0': 17}
parsed finished=62 active=active sing=active socat_ok=1 fetch=0 cats {'pending_or_running': 47, 'completed_score>0': 33, 'completed_score=0': 18}
parsed finished=62 active=active sing=active socat_ok=1 fetch=0 cats {'pending_or_running': 47, 'completed_score>0': 33, 'completed_score=0': 18}
ale-health-medicine-obermeyer-bias-reproduct-4fd60f0c Up 3 minutes
summary finished=63 best=best_tasks=54/98 active=active fetch=0
==== observe pollR=8 2026-09-09 01:28:00 ====
=== 2026-09-09T01:28:07+08:00 r2 monitor ===
active
enabled
2026-09-09 00:43:59,094  INFO     ale_run.environments.providers.docker  Container ale-health-medicine-obermeyer-bias-reproduct-4fd60f0c sizing: machine_type=c4-standard-4 -> cpus=1.5 memory=2g (res=1024x768)
2026-09-09 00:43:59,094  INFO     ale_run.environments.providers.docker  Creating Docker container ale-health-medicine-obermeyer-bias-reproduct-4fd60f0c from agentslastexam/ale-ubuntu22-docker:latest
2026-09-09 00:44:05,845  INFO     ale_run.environments.providers.docker  Container ale-health-medicine-obermeyer-bias-reproduct-4fd60f0c started (id=9e45a5af468c)
2026-09-09 00:44:06,007  INFO     ale_run.environments.providers.docker  Container ale-health-medicine-obermeyer-bias-reproduct-4fd60f0c ports: cua=32981 vnc=32982
2026-09-09 00:44:06,480  INFO     ale_run.orchestration.runner  [adapters.ale_official.deployer.MetisDeployer/health_medicine/nsclc_radiomics_cox_signature_v1/v0] done: status=completed score=0.0 duration=3549.6s (attempt 1/3)
2026-09-09 00:45:15,446  INFO     ale_run.environments.providers.gcloud  CUA server ready at http://localhost:32981
2026-09-09 00:45:15,447  INFO     computer  Logger set to INFO level
2026-09-09 00:45:15,447  INFO     computer  Initializing Computer...
2026-09-09 00:45:15,447  INFO     computer  Logger set to INFO level
2026-09-09 00:45:15,448  INFO     computer.vm  Logger set to INFO level
2026-09-09 00:45:15,448  INFO     computer.interface  Logger set to INFO level
2026-09-09 00:45:15,448  INFO     core.telemetry  Recording event: computer_initialized with properties: {'version': '0.1.8', 'os': 'linux', 'os_version': '6.8.0-138-generic', 'python_version': '3.12.3', 'provider_type': 'lume'}
2026-09-09 00:45:15,448  INFO     core.telemetry  Sent event to PostHog: computer_initialized
2026-09-09 00:45:16,288  INFO     cua.interface  Logger set to INFO level
2026-09-09 00:45:16,288  INFO     computer.interface.linux  Logger set to INFO level
2026-09-09 00:45:17,041  INFO     ale_run.environments.task_data.local_host  local: staged ['input', 'software'] for obermeyer_bias_reproduction from task-data/health_medicine/obermeyer_bias_reproduction/base
2026-09-09 00:45:17,085  INFO     ale_run.tasks.loader  Loaded task config via load() function
2026-09-09 00:45:17,087  INFO     ale_run.tasks.driver  Running task setup (attempt 1/4)...
2026-09-09 00:45:17,113  INFO     ale_run.tasks.driver  Task setup completed
2026-09-09 00:46:56,627  INFO     ale_run.executors.sandbox  sandbox: spawned pid=1481 (deployer=MetisDeployer, work_dir=/home/user/.ale/metis/adapters_ale_official_deployer_metisdeployer__gpt-5-6-luna__health_medicine__obermeyer_bias_reproduction__v0__20260908_031940)
--- docker ---
ale-health-medicine-obermeyer-bias-reproduct-4fd60f0c Up 44 minutes
--- progress ---
best_tasks=54/98 status={'failed': 2, 'completed': 52} done≈52
completed_mean=0.3821 n=52
/dev/mapper/ubuntu--vg-ubuntu--lv  490G  271G  198G  58% /
---
==== 2026-09-09 01:28:08 ====
run.json finished: 63
cats {'pending_or_running': 46, 'completed_score>0': 33, 'completed_score=0': 19}
---
active
active
SOCAT_OK
FETCH=0
parsed finished=62 active=active sing=active socat_ok=1 fetch=0 cats {'pending_or_running': 47, 'completed_score>0': 33, 'completed_score=0': 18}
parsed finished=62 active=active sing=active socat_ok=1 fetch=0 cats {'pending_or_running': 47, 'completed_score>0': 33, 'completed_score=0': 18}
parsed finished=63 active=active sing=active socat_ok=1 fetch=0 cats {'pending_or_running': 46, 'completed_score>0': 33, 'completed_score=0': 19}
ale-health-medicine-obermeyer-bias-reproduct-4fd60f0c Up 44 minutes
summary finished=63 best=best_tasks=54/98 active=active fetch=0
==== observe pollR=9 2026-09-09 02:08:09 ====
=== 2026-09-09T02:08:16+08:00 r2 monitor ===
active
enabled
2026-09-09 01:47:46,450  INFO     ale_run.environments.providers.docker  Container ale-health-medicine-public-health-mask-manda-616dde4b sizing: machine_type=c4-standard-4 -> cpus=1.5 memory=2g (res=1024x768)
2026-09-09 01:47:46,450  INFO     ale_run.environments.providers.docker  Creating Docker container ale-health-medicine-public-health-mask-manda-616dde4b from agentslastexam/ale-ubuntu22-docker:latest
2026-09-09 01:47:53,642  INFO     ale_run.orchestration.runner  [adapters.ale_official.deployer.MetisDeployer/health_medicine/prostate_imrt_matrad_reproduction/v0] done: status=completed score=0.0 duration=1094.0s (attempt 1/3)
2026-09-09 01:47:54,004  INFO     ale_run.environments.providers.docker  Container ale-health-medicine-public-health-mask-manda-616dde4b started (id=786f82b8e974)
2026-09-09 01:47:54,120  INFO     ale_run.environments.providers.docker  Container ale-health-medicine-public-health-mask-manda-616dde4b ports: cua=32985 vnc=32986
2026-09-09 01:49:03,455  INFO     ale_run.environments.providers.gcloud  CUA server ready at http://localhost:32985
2026-09-09 01:49:03,470  INFO     computer  Logger set to INFO level
2026-09-09 01:49:03,470  INFO     computer  Initializing Computer...
2026-09-09 01:49:03,470  INFO     computer  Logger set to INFO level
2026-09-09 01:49:03,471  INFO     computer.vm  Logger set to INFO level
2026-09-09 01:49:03,471  INFO     computer.interface  Logger set to INFO level
2026-09-09 01:49:03,471  INFO     core.telemetry  Recording event: computer_initialized with properties: {'version': '0.1.8', 'os': 'linux', 'os_version': '6.8.0-138-generic', 'python_version': '3.12.3', 'provider_type': 'lume'}
2026-09-09 01:49:03,471  INFO     core.telemetry  Sent event to PostHog: computer_initialized
2026-09-09 01:49:04,237  INFO     cua.interface  Logger set to INFO level
2026-09-09 01:49:04,237  INFO     computer.interface.linux  Logger set to INFO level
2026-09-09 01:49:05,393  INFO     ale_run.environments.task_data.local_host  local: staged ['input', 'software'] for public_health_mask_mandate_ratio from task-data/health_medicine/public_health_mask_mandate_ratio/base
2026-09-09 01:49:05,448  INFO     ale_run.tasks.loader  Loaded task config via load() function
2026-09-09 01:49:05,472  INFO     ale_run.tasks.driver  Running task setup (attempt 1/4)...
2026-09-09 01:49:05,472  INFO     ale_run.tasks.driver  Task setup completed
2026-09-09 01:50:46,148  INFO     ale_run.executors.sandbox  sandbox: spawned pid=1474 (deployer=MetisDeployer, work_dir=/home/user/.ale/metis/adapters_ale_official_deployer_metisdeployer__gpt-5-6-luna__health_medicine__public_health_mask_mandate_ratio__v0__20260908_031940)
--- docker ---
ale-health-medicine-public-health-mask-manda-616dde4b Up 20 minutes
--- progress ---
best_tasks=56/98 status={'failed': 2, 'completed': 54} done≈54
completed_mean=0.3679 n=54
/dev/mapper/ubuntu--vg-ubuntu--lv  490G  271G  198G  58% /
---
==== 2026-09-09 02:08:17 ====
run.json finished: 65
cats {'pending_or_running': 44, 'completed_score>0': 33, 'completed_score=0': 21}
---
active
active
SOCAT_OK
FETCH=0
parsed finished=62 active=active sing=active socat_ok=1 fetch=0 cats {'pending_or_running': 47, 'completed_score>0': 33, 'completed_score=0': 18}
parsed finished=63 active=active sing=active socat_ok=1 fetch=0 cats {'pending_or_running': 46, 'completed_score>0': 33, 'completed_score=0': 19}
parsed finished=65 active=active sing=active socat_ok=1 fetch=0 cats {'pending_or_running': 44, 'completed_score>0': 33, 'completed_score=0': 21}
ale-health-medicine-public-health-mask-manda-616dde4b Up 20 minutes
summary finished=65 best=best_tasks=56/98 active=active fetch=0
==== observe pollR=10 2026-09-09 02:48:18 ====
=== 2026-09-09T02:48:24+08:00 r2 monitor ===
active
enabled
2026-09-09 02:18:25,715  INFO     ale_run.environments.providers.docker  Container ale-health-medicine-replicate-paper-1-2a08c758 sizing: machine_type=c4-standard-4 -> cpus=1.5 memory=2g (res=1024x768)
2026-09-09 02:18:25,715  INFO     ale_run.environments.providers.docker  Creating Docker container ale-health-medicine-replicate-paper-1-2a08c758 from agentslastexam/ale-ubuntu22-docker:latest
2026-09-09 02:18:31,665  INFO     ale_run.orchestration.runner  [adapters.ale_official.deployer.MetisDeployer/health_medicine/public_health_mask_mandate_ratio/v0] done: status=completed score=0.3333333333333333 duration=1839.9s (attempt 1/3)
2026-09-09 02:18:32,544  INFO     ale_run.environments.providers.docker  Container ale-health-medicine-replicate-paper-1-2a08c758 started (id=bd064543b287)
2026-09-09 02:18:32,681  INFO     ale_run.environments.providers.docker  Container ale-health-medicine-replicate-paper-1-2a08c758 ports: cua=32987 vnc=32988
2026-09-09 02:19:29,993  INFO     ale_run.environments.providers.gcloud  CUA server ready at http://localhost:32987
2026-09-09 02:19:29,994  INFO     computer  Logger set to INFO level
2026-09-09 02:19:29,994  INFO     computer  Initializing Computer...
2026-09-09 02:19:29,994  INFO     computer  Logger set to INFO level
2026-09-09 02:19:29,994  INFO     computer.vm  Logger set to INFO level
2026-09-09 02:19:29,995  INFO     computer.interface  Logger set to INFO level
2026-09-09 02:19:29,995  INFO     core.telemetry  Recording event: computer_initialized with properties: {'version': '0.1.8', 'os': 'linux', 'os_version': '6.8.0-138-generic', 'python_version': '3.12.3', 'provider_type': 'lume'}
2026-09-09 02:19:29,995  INFO     core.telemetry  Sent event to PostHog: computer_initialized
2026-09-09 02:19:30,896  INFO     cua.interface  Logger set to INFO level
2026-09-09 02:19:30,897  INFO     computer.interface.linux  Logger set to INFO level
2026-09-09 02:19:31,893  INFO     ale_run.environments.task_data.local_host  local: staged ['input', 'software'] for replicate_paper_1 from task-data/health_medicine/replicate_paper_1/base
2026-09-09 02:19:31,912  INFO     ale_run.tasks.loader  Loaded task config via load() function
2026-09-09 02:19:31,913  INFO     ale_run.tasks.driver  Running task setup (attempt 1/4)...
2026-09-09 02:19:31,913  INFO     ale_run.tasks.driver  Task setup completed
2026-09-09 02:21:10,760  INFO     ale_run.executors.sandbox  sandbox: spawned pid=1467 (deployer=MetisDeployer, work_dir=/home/user/.ale/metis/adapters_ale_official_deployer_metisdeployer__gpt-5-6-luna__health_medicine__replicate_paper_1__v0__20260908_031941)
--- docker ---
ale-health-medicine-replicate-paper-1-2a08c758 Up 29 minutes
--- progress ---
best_tasks=57/98 status={'failed': 2, 'completed': 55} done≈55
completed_mean=0.3673 n=55
/dev/mapper/ubuntu--vg-ubuntu--lv  490G  271G  198G  58% /
---
==== 2026-09-09 02:48:25 ====
run.json finished: 66
cats {'pending_or_running': 43, 'completed_score>0': 34, 'completed_score=0': 21}
---
active
active
SOCAT_OK
FETCH=0
parsed finished=63 active=active sing=active socat_ok=1 fetch=0 cats {'pending_or_running': 46, 'completed_score>0': 33, 'completed_score=0': 19}
parsed finished=65 active=active sing=active socat_ok=1 fetch=0 cats {'pending_or_running': 44, 'completed_score>0': 33, 'completed_score=0': 21}
parsed finished=66 active=active sing=active socat_ok=1 fetch=0 cats {'pending_or_running': 43, 'completed_score>0': 34, 'completed_score=0': 21}
ale-health-medicine-replicate-paper-1-2a08c758 Up 29 minutes
summary finished=66 best=best_tasks=57/98 active=active fetch=0
==== observe pollR=11 2026-09-09 03:28:26 ====
=== 2026-09-09T03:28:32+08:00 r2 monitor ===
active
enabled
2026-09-09 02:55:40,645  INFO     ale_run.environments.providers.docker  Container ale-health-medicine-simglucose-safe-basal-co-ea37d408 sizing: machine_type=c4-standard-4 -> cpus=1.5 memory=2g (res=1024x768)
2026-09-09 02:55:40,645  INFO     ale_run.environments.providers.docker  Creating Docker container ale-health-medicine-simglucose-safe-basal-co-ea37d408 from agentslastexam/ale-ubuntu22-docker:latest
2026-09-09 02:55:46,783  INFO     ale_run.orchestration.runner  [adapters.ale_official.deployer.MetisDeployer/health_medicine/replicate_paper_1/v0] done: status=completed score=1.0 duration=2233.4s (attempt 1/3)
2026-09-09 02:55:47,367  INFO     ale_run.environments.providers.docker  Container ale-health-medicine-simglucose-safe-basal-co-ea37d408 started (id=e0b81c22ed9d)
2026-09-09 02:55:47,501  INFO     ale_run.environments.providers.docker  Container ale-health-medicine-simglucose-safe-basal-co-ea37d408 ports: cua=32989 vnc=32990
2026-09-09 02:56:47,786  INFO     ale_run.environments.providers.gcloud  CUA server ready at http://localhost:32989
2026-09-09 02:56:47,786  INFO     computer  Logger set to INFO level
2026-09-09 02:56:47,786  INFO     computer  Initializing Computer...
2026-09-09 02:56:47,787  INFO     computer  Logger set to INFO level
2026-09-09 02:56:47,787  INFO     computer.vm  Logger set to INFO level
2026-09-09 02:56:47,787  INFO     computer.interface  Logger set to INFO level
2026-09-09 02:56:47,787  INFO     core.telemetry  Recording event: computer_initialized with properties: {'version': '0.1.8', 'os': 'linux', 'os_version': '6.8.0-138-generic', 'python_version': '3.12.3', 'provider_type': 'lume'}
2026-09-09 02:56:47,787  INFO     core.telemetry  Sent event to PostHog: computer_initialized
2026-09-09 02:56:48,643  INFO     cua.interface  Logger set to INFO level
2026-09-09 02:56:48,643  INFO     computer.interface.linux  Logger set to INFO level
2026-09-09 02:56:49,323  INFO     ale_run.environments.task_data.local_host  local: staged ['input', 'software'] for simglucose_safe_basal_control_instance_1 from task-data/health_medicine/simglucose_safe_basal_control_instance_1/base
2026-09-09 02:56:49,379  INFO     ale_run.tasks.loader  Loaded task config via load() function
2026-09-09 02:56:49,381  INFO     ale_run.tasks.driver  Running task setup (attempt 1/4)...
2026-09-09 02:56:49,381  INFO     ale_run.tasks.driver  Task setup completed
2026-09-09 02:58:29,041  INFO     ale_run.executors.sandbox  sandbox: spawned pid=1454 (deployer=MetisDeployer, work_dir=/home/user/.ale/metis/adapters_ale_official_deployer_metisdeployer__gpt-5-6-luna__health_medicine__simglucose_safe_basal_control_instance_1__v0__20260908_031941)
--- docker ---
ale-health-medicine-simglucose-safe-basal-co-ea37d408 Up 32 minutes
--- progress ---
best_tasks=58/98 status={'failed': 2, 'completed': 56} done≈56
completed_mean=0.3786 n=56
/dev/mapper/ubuntu--vg-ubuntu--lv  490G  272G  198G  58% /
---
==== 2026-09-09 03:28:33 ====
run.json finished: 67
cats {'pending_or_running': 42, 'completed_score>0': 35, 'completed_score=0': 21}
---
active
active
SOCAT_OK
FETCH=0
parsed finished=65 active=active sing=active socat_ok=1 fetch=0 cats {'pending_or_running': 44, 'completed_score>0': 33, 'completed_score=0': 21}
parsed finished=66 active=active sing=active socat_ok=1 fetch=0 cats {'pending_or_running': 43, 'completed_score>0': 34, 'completed_score=0': 21}
parsed finished=67 active=active sing=active socat_ok=1 fetch=0 cats {'pending_or_running': 42, 'completed_score>0': 35, 'completed_score=0': 21}
ale-health-medicine-simglucose-safe-basal-co-ea37d408 Up 32 minutes
summary finished=67 best=best_tasks=58/98 active=active fetch=0
==== observe pollR=12 2026-09-09 04:08:34 ====
=== 2026-09-09T04:08:42+08:00 r2 monitor ===
active
enabled
2026-09-09 03:50:56,706  INFO     ale_run.environments.providers.docker  Container ale-legal-agora-governance-classify-instance-4b9b0e93 sizing: machine_type=c4-standard-4 -> cpus=1.5 memory=2g (res=1024x768)
2026-09-09 03:50:56,706  INFO     ale_run.environments.providers.docker  Creating Docker container ale-legal-agora-governance-classify-instance-4b9b0e93 from agentslastexam/ale-ubuntu22-docker:latest
2026-09-09 03:51:01,874  INFO     ale_run.orchestration.runner  [adapters.ale_official.deployer.MetisDeployer/health_medicine/wsi_tumor_localization_1/v0] done: status=completed score=0.0 duration=321.8s (attempt 1/3)
2026-09-09 03:51:03,098  INFO     ale_run.environments.providers.docker  Container ale-legal-agora-governance-classify-instance-4b9b0e93 started (id=192a557bb420)
2026-09-09 03:51:03,249  INFO     ale_run.environments.providers.docker  Container ale-legal-agora-governance-classify-instance-4b9b0e93 ports: cua=32993 vnc=32994
2026-09-09 03:52:03,543  INFO     ale_run.environments.providers.gcloud  CUA server ready at http://localhost:32993
2026-09-09 03:52:03,544  INFO     computer  Logger set to INFO level
2026-09-09 03:52:03,544  INFO     computer  Initializing Computer...
2026-09-09 03:52:03,544  INFO     computer  Logger set to INFO level
2026-09-09 03:52:03,545  INFO     computer.vm  Logger set to INFO level
2026-09-09 03:52:03,545  INFO     computer.interface  Logger set to INFO level
2026-09-09 03:52:03,546  INFO     core.telemetry  Recording event: computer_initialized with properties: {'version': '0.1.8', 'os': 'linux', 'os_version': '6.8.0-138-generic', 'python_version': '3.12.3', 'provider_type': 'lume'}
2026-09-09 03:52:03,546  INFO     core.telemetry  Sent event to PostHog: computer_initialized
2026-09-09 03:52:04,378  INFO     cua.interface  Logger set to INFO level
2026-09-09 03:52:04,379  INFO     computer.interface.linux  Logger set to INFO level
2026-09-09 03:52:05,310  INFO     ale_run.environments.task_data.local_host  local: staged ['input', 'software'] for agora_governance_classify_instance_1 from task-data/legal/agora_governance_classify_instance_1/base
2026-09-09 03:52:05,357  INFO     ale_run.tasks.loader  Loaded task config via load() function
2026-09-09 03:52:05,358  INFO     ale_run.tasks.driver  Running task setup (attempt 1/4)...
2026-09-09 03:52:05,358  INFO     ale_run.tasks.driver  Task setup completed
2026-09-09 03:53:45,262  INFO     ale_run.executors.sandbox  sandbox: spawned pid=1453 (deployer=MetisDeployer, work_dir=/home/user/.ale/metis/adapters_ale_official_deployer_metisdeployer__gpt-5-6-luna__legal__agora_governance_classify_instance_1__v0__20260908_031941)
--- docker ---
ale-legal-agora-governance-classify-instance-4b9b0e93 Up 17 minutes
--- progress ---
best_tasks=60/98 status={'failed': 2, 'completed': 58} done≈58
completed_mean=0.3656 n=58
/dev/mapper/ubuntu--vg-ubuntu--lv  490G  272G  198G  58% /
---
==== 2026-09-09 04:08:42 ====
run.json finished: 69
cats {'pending_or_running': 40, 'completed_score>0': 35, 'completed_score=0': 23}
---
active
active
SOCAT_OK
FETCH=0
parsed finished=66 active=active sing=active socat_ok=1 fetch=0 cats {'pending_or_running': 43, 'completed_score>0': 34, 'completed_score=0': 21}
parsed finished=67 active=active sing=active socat_ok=1 fetch=0 cats {'pending_or_running': 42, 'completed_score>0': 35, 'completed_score=0': 21}
parsed finished=69 active=active sing=active socat_ok=1 fetch=0 cats {'pending_or_running': 40, 'completed_score>0': 35, 'completed_score=0': 23}
ale-legal-agora-governance-classify-instance-4b9b0e93 Up 17 minutes
summary finished=69 best=best_tasks=60/98 active=active fetch=0
==== observe pollR=13 2026-09-09 04:48:43 ====
=== 2026-09-09T04:48:49+08:00 r2 monitor ===
active
enabled
2026-09-09 04:09:13,861  INFO     ale_run.environments.providers.docker  Container ale-legal-legal-dr-fees-01-fec5ebec sizing: machine_type=c4-standard-4 -> cpus=1.5 memory=2g (res=1024x768)
2026-09-09 04:09:13,861  INFO     ale_run.environments.providers.docker  Creating Docker container ale-legal-legal-dr-fees-01-fec5ebec from agentslastexam/ale-ubuntu22-docker:latest
2026-09-09 04:09:19,986  INFO     ale_run.orchestration.runner  [adapters.ale_official.deployer.MetisDeployer/legal/agora_governance_classify_instance_1/v0] done: status=completed score=0.3890598290598291 duration=1098.1s (attempt 1/3)
2026-09-09 04:09:21,188  INFO     ale_run.environments.providers.docker  Container ale-legal-legal-dr-fees-01-fec5ebec started (id=92265a9482a1)
2026-09-09 04:09:21,312  INFO     ale_run.environments.providers.docker  Container ale-legal-legal-dr-fees-01-fec5ebec ports: cua=32995 vnc=32996
2026-09-09 04:10:21,601  INFO     ale_run.environments.providers.gcloud  CUA server ready at http://localhost:32995
2026-09-09 04:10:21,602  INFO     computer  Logger set to INFO level
2026-09-09 04:10:21,602  INFO     computer  Initializing Computer...
2026-09-09 04:10:21,602  INFO     computer  Logger set to INFO level
2026-09-09 04:10:21,602  INFO     computer.vm  Logger set to INFO level
2026-09-09 04:10:21,602  INFO     computer.interface  Logger set to INFO level
2026-09-09 04:10:21,602  INFO     core.telemetry  Recording event: computer_initialized with properties: {'version': '0.1.8', 'os': 'linux', 'os_version': '6.8.0-138-generic', 'python_version': '3.12.3', 'provider_type': 'lume'}
2026-09-09 04:10:21,603  INFO     core.telemetry  Sent event to PostHog: computer_initialized
2026-09-09 04:10:22,632  INFO     cua.interface  Logger set to INFO level
2026-09-09 04:10:22,632  INFO     computer.interface.linux  Logger set to INFO level
2026-09-09 04:10:23,786  INFO     ale_run.environments.task_data.local_host  local: staged ['input', 'software'] for legal_dr_fees_01 from task-data/legal/legal_dr_fees_01/base
2026-09-09 04:10:23,791  INFO     ale_run.tasks.loader  Loaded task config via load() function
2026-09-09 04:10:23,792  INFO     ale_run.tasks.driver  Running task setup (attempt 1/4)...
2026-09-09 04:10:23,792  INFO     ale_run.tasks.driver  Task setup completed
2026-09-09 04:12:05,500  INFO     ale_run.executors.sandbox  sandbox: spawned pid=1460 (deployer=MetisDeployer, work_dir=/home/user/.ale/metis/adapters_ale_official_deployer_metisdeployer__gpt-5-6-luna__legal__legal_dr_fees_01__v0__20260908_031942)
--- docker ---
ale-legal-legal-dr-fees-01-fec5ebec Up 39 minutes
--- progress ---
best_tasks=61/98 status={'failed': 2, 'completed': 59} done≈59
completed_mean=0.3660 n=59
/dev/mapper/ubuntu--vg-ubuntu--lv  490G  271G  198G  58% /
---
==== 2026-09-09 04:48:50 ====
run.json finished: 70
cats {'pending_or_running': 39, 'completed_score>0': 36, 'completed_score=0': 23}
---
active
active
SOCAT_OK
FETCH=0
parsed finished=67 active=active sing=active socat_ok=1 fetch=0 cats {'pending_or_running': 42, 'completed_score>0': 35, 'completed_score=0': 21}
parsed finished=69 active=active sing=active socat_ok=1 fetch=0 cats {'pending_or_running': 40, 'completed_score>0': 35, 'completed_score=0': 23}
parsed finished=70 active=active sing=active socat_ok=1 fetch=0 cats {'pending_or_running': 39, 'completed_score>0': 36, 'completed_score=0': 23}
ale-legal-legal-dr-fees-01-fec5ebec Up 39 minutes
summary finished=70 best=best_tasks=61/98 active=active fetch=0
==== observe pollR=14 2026-09-09 05:28:51 ====
=== 2026-09-09T05:28:57+08:00 r2 monitor ===
active
enabled
2026-09-09 04:09:13,861  INFO     ale_run.environments.providers.docker  Container ale-legal-legal-dr-fees-01-fec5ebec sizing: machine_type=c4-standard-4 -> cpus=1.5 memory=2g (res=1024x768)
2026-09-09 04:09:13,861  INFO     ale_run.environments.providers.docker  Creating Docker container ale-legal-legal-dr-fees-01-fec5ebec from agentslastexam/ale-ubuntu22-docker:latest
2026-09-09 04:09:19,986  INFO     ale_run.orchestration.runner  [adapters.ale_official.deployer.MetisDeployer/legal/agora_governance_classify_instance_1/v0] done: status=completed score=0.3890598290598291 duration=1098.1s (attempt 1/3)
2026-09-09 04:09:21,188  INFO     ale_run.environments.providers.docker  Container ale-legal-legal-dr-fees-01-fec5ebec started (id=92265a9482a1)
2026-09-09 04:09:21,312  INFO     ale_run.environments.providers.docker  Container ale-legal-legal-dr-fees-01-fec5ebec ports: cua=32995 vnc=32996
2026-09-09 04:10:21,601  INFO     ale_run.environments.providers.gcloud  CUA server ready at http://localhost:32995
2026-09-09 04:10:21,602  INFO     computer  Logger set to INFO level
2026-09-09 04:10:21,602  INFO     computer  Initializing Computer...
2026-09-09 04:10:21,602  INFO     computer  Logger set to INFO level
2026-09-09 04:10:21,602  INFO     computer.vm  Logger set to INFO level
2026-09-09 04:10:21,602  INFO     computer.interface  Logger set to INFO level
2026-09-09 04:10:21,602  INFO     core.telemetry  Recording event: computer_initialized with properties: {'version': '0.1.8', 'os': 'linux', 'os_version': '6.8.0-138-generic', 'python_version': '3.12.3', 'provider_type': 'lume'}
2026-09-09 04:10:21,603  INFO     core.telemetry  Sent event to PostHog: computer_initialized
2026-09-09 04:10:22,632  INFO     cua.interface  Logger set to INFO level
2026-09-09 04:10:22,632  INFO     computer.interface.linux  Logger set to INFO level
2026-09-09 04:10:23,786  INFO     ale_run.environments.task_data.local_host  local: staged ['input', 'software'] for legal_dr_fees_01 from task-data/legal/legal_dr_fees_01/base
2026-09-09 04:10:23,791  INFO     ale_run.tasks.loader  Loaded task config via load() function
2026-09-09 04:10:23,792  INFO     ale_run.tasks.driver  Running task setup (attempt 1/4)...
2026-09-09 04:10:23,792  INFO     ale_run.tasks.driver  Task setup completed
2026-09-09 04:12:05,500  INFO     ale_run.executors.sandbox  sandbox: spawned pid=1460 (deployer=MetisDeployer, work_dir=/home/user/.ale/metis/adapters_ale_official_deployer_metisdeployer__gpt-5-6-luna__legal__legal_dr_fees_01__v0__20260908_031942)
--- docker ---
ale-legal-legal-dr-fees-01-fec5ebec Up About an hour
--- progress ---
best_tasks=61/98 status={'failed': 2, 'completed': 59} done≈59
completed_mean=0.3660 n=59
/dev/mapper/ubuntu--vg-ubuntu--lv  490G  271G  198G  58% /
---
==== 2026-09-09 05:28:58 ====
run.json finished: 70
cats {'pending_or_running': 39, 'completed_score>0': 36, 'completed_score=0': 23}
---
active
active
SOCAT_OK
FETCH=0
parsed finished=69 active=active sing=active socat_ok=1 fetch=0 cats {'pending_or_running': 40, 'completed_score>0': 35, 'completed_score=0': 23}
parsed finished=70 active=active sing=active socat_ok=1 fetch=0 cats {'pending_or_running': 39, 'completed_score>0': 36, 'completed_score=0': 23}
parsed finished=70 active=active sing=active socat_ok=1 fetch=0 cats {'pending_or_running': 39, 'completed_score>0': 36, 'completed_score=0': 23}
ale-legal-legal-dr-fees-01-fec5ebec Up About an hour
summary finished=70 best=best_tasks=61/98 active=active fetch=0
==== observe pollR=15 2026-09-09 06:08:59 ====
=== 2026-09-09T06:09:07+08:00 r2 monitor ===
active
enabled
2026-09-09 05:58:22,712  INFO     ale_run.environments.providers.docker  Container ale-life-sciences-amber-minimization-script--3e70d3a7 sizing: machine_type=c4-standard-4 -> cpus=1.5 memory=2g (res=1024x768)
2026-09-09 05:58:22,712  INFO     ale_run.environments.providers.docker  Creating Docker container ale-life-sciences-amber-minimization-script--3e70d3a7 from agentslastexam/ale-ubuntu22-docker:latest
2026-09-09 05:58:29,471  INFO     ale_run.orchestration.runner  [adapters.ale_official.deployer.MetisDeployer/life_sciences/WGS_Variant_Calling/v0] done: status=completed score=0.7999999999999999 duration=1265.0s (attempt 1/3)
2026-09-09 05:58:30,288  INFO     ale_run.environments.providers.docker  Container ale-life-sciences-amber-minimization-script--3e70d3a7 started (id=0a53c634f9f3)
2026-09-09 05:58:30,405  INFO     ale_run.environments.providers.docker  Container ale-life-sciences-amber-minimization-script--3e70d3a7 ports: cua=32999 vnc=33000
2026-09-09 05:59:33,696  INFO     ale_run.environments.providers.gcloud  CUA server ready at http://localhost:32999
2026-09-09 05:59:33,697  INFO     computer  Logger set to INFO level
2026-09-09 05:59:33,697  INFO     computer  Initializing Computer...
2026-09-09 05:59:33,697  INFO     computer  Logger set to INFO level
2026-09-09 05:59:33,697  INFO     computer.vm  Logger set to INFO level
2026-09-09 05:59:33,697  INFO     computer.interface  Logger set to INFO level
2026-09-09 05:59:33,697  INFO     core.telemetry  Recording event: computer_initialized with properties: {'version': '0.1.8', 'os': 'linux', 'os_version': '6.8.0-138-generic', 'python_version': '3.12.3', 'provider_type': 'lume'}
2026-09-09 05:59:33,698  INFO     core.telemetry  Sent event to PostHog: computer_initialized
2026-09-09 05:59:34,430  INFO     cua.interface  Logger set to INFO level
2026-09-09 05:59:34,431  INFO     computer.interface.linux  Logger set to INFO level
2026-09-09 05:59:35,286  INFO     ale_run.environments.task_data.local_host  local: staged ['input', 'software'] for amber_minimization_script_prep_instance_1 from task-data/life_sciences/amber_minimization_script_prep_instance_1/base
2026-09-09 05:59:35,292  INFO     ale_run.tasks.loader  Loaded task config via load() function
2026-09-09 05:59:35,293  INFO     ale_run.tasks.driver  Running task setup (attempt 1/4)...
2026-09-09 05:59:35,293  INFO     ale_run.tasks.driver  Task setup completed
2026-09-09 06:01:14,710  INFO     ale_run.executors.sandbox  sandbox: spawned pid=1454 (deployer=MetisDeployer, work_dir=/home/user/.ale/metis/adapters_ale_official_deployer_metisdeployer__gpt-5-6-luna__life_sciences__amber_minimization_script_prep_instance_1__v0__20260908_031942)
--- docker ---
ale-life-sciences-amber-minimization-script--3e70d3a7 Up 10 minutes
--- progress ---
best_tasks=63/98 status={'failed': 2, 'completed': 61} done≈61
completed_mean=0.3802 n=61
/dev/mapper/ubuntu--vg-ubuntu--lv  490G  272G  198G  58% /
---
==== 2026-09-09 06:09:08 ====
run.json finished: 72
cats {'pending_or_running': 37, 'completed_score>0': 38, 'completed_score=0': 23}
---
active
active
SOCAT_OK
FETCH=0
parsed finished=70 active=active sing=active socat_ok=1 fetch=0 cats {'pending_or_running': 39, 'completed_score>0': 36, 'completed_score=0': 23}
parsed finished=70 active=active sing=active socat_ok=1 fetch=0 cats {'pending_or_running': 39, 'completed_score>0': 36, 'completed_score=0': 23}
parsed finished=72 active=active sing=active socat_ok=1 fetch=0 cats {'pending_or_running': 37, 'completed_score>0': 38, 'completed_score=0': 23}
ale-life-sciences-amber-minimization-script--3e70d3a7 Up 10 minutes
summary finished=72 best=best_tasks=63/98 active=active fetch=0
==== observe pollR=16 2026-09-09 06:49:09 ====
=== 2026-09-09T06:49:16+08:00 r2 monitor ===
active
enabled
2026-09-09 06:42:01,051  INFO     ale_run.environments.providers.docker  Container ale-life-sciences-cell-tracking-instance-1-67c9c8b9 sizing: machine_type=c4-standard-4 -> cpus=1.5 memory=2g (res=1024x768)
2026-09-09 06:42:01,052  INFO     ale_run.environments.providers.docker  Creating Docker container ale-life-sciences-cell-tracking-instance-1-67c9c8b9 from agentslastexam/ale-ubuntu22-docker:latest
2026-09-09 06:42:06,669  INFO     ale_run.orchestration.runner  [adapters.ale_official.deployer.MetisDeployer/life_sciences/amber_three_stage_mmgbsa_workflow_instance_1/v0] done: status=completed score=0.0 duration=1500.0s (attempt 1/3)
2026-09-09 06:42:07,818  INFO     ale_run.environments.providers.docker  Container ale-life-sciences-cell-tracking-instance-1-67c9c8b9 started (id=3ef5e3c1a3c1)
2026-09-09 06:42:07,954  INFO     ale_run.environments.providers.docker  Container ale-life-sciences-cell-tracking-instance-1-67c9c8b9 ports: cua=33003 vnc=33004
2026-09-09 06:43:20,491  INFO     ale_run.environments.providers.gcloud  CUA server ready at http://localhost:33003
2026-09-09 06:43:20,491  INFO     computer  Logger set to INFO level
2026-09-09 06:43:20,492  INFO     computer  Initializing Computer...
2026-09-09 06:43:20,492  INFO     computer  Logger set to INFO level
2026-09-09 06:43:20,492  INFO     computer.vm  Logger set to INFO level
2026-09-09 06:43:20,492  INFO     computer.interface  Logger set to INFO level
2026-09-09 06:43:20,492  INFO     core.telemetry  Recording event: computer_initialized with properties: {'version': '0.1.8', 'os': 'linux', 'os_version': '6.8.0-138-generic', 'python_version': '3.12.3', 'provider_type': 'lume'}
2026-09-09 06:43:20,493  INFO     core.telemetry  Sent event to PostHog: computer_initialized
2026-09-09 06:43:21,511  INFO     cua.interface  Logger set to INFO level
2026-09-09 06:43:21,512  INFO     computer.interface.linux  Logger set to INFO level
2026-09-09 06:43:23,508  INFO     ale_run.environments.task_data.local_host  local: staged ['input', 'software'] for cell_tracking_instance_1 from task-data/life_sciences/cell_tracking_instance_1/base
2026-09-09 06:43:23,540  INFO     ale_run.tasks.loader  Loaded task config via load() function
2026-09-09 06:43:23,541  INFO     ale_run.tasks.driver  Running task setup (attempt 1/4)...
2026-09-09 06:43:23,541  INFO     ale_run.tasks.driver  Task setup completed
2026-09-09 06:45:03,631  INFO     ale_run.executors.sandbox  sandbox: spawned pid=1479 (deployer=MetisDeployer, work_dir=/home/user/.ale/metis/adapters_ale_official_deployer_metisdeployer__gpt-5-6-luna__life_sciences__cell_tracking_instance_1__v0__20260908_031943)
--- docker ---
ale-life-sciences-cell-tracking-instance-1-67c9c8b9 Up 7 minutes
--- progress ---
best_tasks=65/98 status={'failed': 2, 'completed': 63} done≈63
completed_mean=0.3681 n=63
/dev/mapper/ubuntu--vg-ubuntu--lv  490G  272G  198G  58% /
---
==== 2026-09-09 06:49:21 ====
run.json finished: 74
cats {'pending_or_running': 35, 'completed_score>0': 38, 'completed_score=0': 25}
---
active
active
SOCAT_OK
FETCH=0
parsed finished=70 active=active sing=active socat_ok=1 fetch=0 cats {'pending_or_running': 39, 'completed_score>0': 36, 'completed_score=0': 23}
parsed finished=72 active=active sing=active socat_ok=1 fetch=0 cats {'pending_or_running': 37, 'completed_score>0': 38, 'completed_score=0': 23}
parsed finished=74 active=active sing=active socat_ok=1 fetch=0 cats {'pending_or_running': 35, 'completed_score>0': 38, 'completed_score=0': 25}
ale-life-sciences-cell-tracking-instance-1-67c9c8b9 Up 7 minutes
summary finished=74 best=best_tasks=65/98 active=active fetch=0
==== observe pollR=17 2026-09-09 07:29:23 ====
=== 2026-09-09T07:29:30+08:00 r2 monitor ===
active
enabled
2026-09-09 06:42:01,051  INFO     ale_run.environments.providers.docker  Container ale-life-sciences-cell-tracking-instance-1-67c9c8b9 sizing: machine_type=c4-standard-4 -> cpus=1.5 memory=2g (res=1024x768)
2026-09-09 06:42:01,052  INFO     ale_run.environments.providers.docker  Creating Docker container ale-life-sciences-cell-tracking-instance-1-67c9c8b9 from agentslastexam/ale-ubuntu22-docker:latest
2026-09-09 06:42:06,669  INFO     ale_run.orchestration.runner  [adapters.ale_official.deployer.MetisDeployer/life_sciences/amber_three_stage_mmgbsa_workflow_instance_1/v0] done: status=completed score=0.0 duration=1500.0s (attempt 1/3)
2026-09-09 06:42:07,818  INFO     ale_run.environments.providers.docker  Container ale-life-sciences-cell-tracking-instance-1-67c9c8b9 started (id=3ef5e3c1a3c1)
2026-09-09 06:42:07,954  INFO     ale_run.environments.providers.docker  Container ale-life-sciences-cell-tracking-instance-1-67c9c8b9 ports: cua=33003 vnc=33004
2026-09-09 06:43:20,491  INFO     ale_run.environments.providers.gcloud  CUA server ready at http://localhost:33003
2026-09-09 06:43:20,491  INFO     computer  Logger set to INFO level
2026-09-09 06:43:20,492  INFO     computer  Initializing Computer...
2026-09-09 06:43:20,492  INFO     computer  Logger set to INFO level
2026-09-09 06:43:20,492  INFO     computer.vm  Logger set to INFO level
2026-09-09 06:43:20,492  INFO     computer.interface  Logger set to INFO level
2026-09-09 06:43:20,492  INFO     core.telemetry  Recording event: computer_initialized with properties: {'version': '0.1.8', 'os': 'linux', 'os_version': '6.8.0-138-generic', 'python_version': '3.12.3', 'provider_type': 'lume'}
2026-09-09 06:43:20,493  INFO     core.telemetry  Sent event to PostHog: computer_initialized
2026-09-09 06:43:21,511  INFO     cua.interface  Logger set to INFO level
2026-09-09 06:43:21,512  INFO     computer.interface.linux  Logger set to INFO level
2026-09-09 06:43:23,508  INFO     ale_run.environments.task_data.local_host  local: staged ['input', 'software'] for cell_tracking_instance_1 from task-data/life_sciences/cell_tracking_instance_1/base
2026-09-09 06:43:23,540  INFO     ale_run.tasks.loader  Loaded task config via load() function
2026-09-09 06:43:23,541  INFO     ale_run.tasks.driver  Running task setup (attempt 1/4)...
2026-09-09 06:43:23,541  INFO     ale_run.tasks.driver  Task setup completed
2026-09-09 06:45:03,631  INFO     ale_run.executors.sandbox  sandbox: spawned pid=1479 (deployer=MetisDeployer, work_dir=/home/user/.ale/metis/adapters_ale_official_deployer_metisdeployer__gpt-5-6-luna__life_sciences__cell_tracking_instance_1__v0__20260908_031943)
--- docker ---
ale-life-sciences-cell-tracking-instance-1-67c9c8b9 Up 47 minutes
--- progress ---
best_tasks=65/98 status={'failed': 2, 'completed': 63} done≈63
completed_mean=0.3681 n=63
/dev/mapper/ubuntu--vg-ubuntu--lv  490G  272G  198G  58% /
---
==== 2026-09-09 07:29:31 ====
run.json finished: 74
cats {'pending_or_running': 35, 'completed_score>0': 38, 'completed_score=0': 25}
---
active
active
SOCAT_OK
FETCH=0
parsed finished=72 active=active sing=active socat_ok=1 fetch=0 cats {'pending_or_running': 37, 'completed_score>0': 38, 'completed_score=0': 23}
parsed finished=74 active=active sing=active socat_ok=1 fetch=0 cats {'pending_or_running': 35, 'completed_score>0': 38, 'completed_score=0': 25}
parsed finished=74 active=active sing=active socat_ok=1 fetch=0 cats {'pending_or_running': 35, 'completed_score>0': 38, 'completed_score=0': 25}
ale-life-sciences-cell-tracking-instance-1-67c9c8b9 Up 47 minutes
summary finished=74 best=best_tasks=65/98 active=active fetch=0
==== observe pollR=18 2026-09-09 08:09:32 ====
=== 2026-09-09T08:09:41+08:00 r2 monitor ===
active
enabled
2026-09-09 07:59:20,633  INFO     ale_run.environments.providers.docker  Container ale-life-sciences-cell-translocation-analysi-7aae136b sizing: machine_type=c4-standard-4 -> cpus=1.5 memory=2g (res=1024x768)
2026-09-09 07:59:20,633  INFO     ale_run.environments.providers.docker  Creating Docker container ale-life-sciences-cell-translocation-analysi-7aae136b from agentslastexam/ale-ubuntu22-docker:latest
2026-09-09 07:59:28,028  INFO     ale_run.environments.providers.docker  Container ale-life-sciences-cell-translocation-analysi-7aae136b started (id=9adb12fbe69f)
2026-09-09 07:59:28,240  INFO     ale_run.environments.providers.docker  Container ale-life-sciences-cell-translocation-analysi-7aae136b ports: cua=33005 vnc=33006
2026-09-09 07:59:36,160  INFO     ale_run.orchestration.runner  [adapters.ale_official.deployer.MetisDeployer/life_sciences/cell_tracking_instance_1/v0] done: status=completed score=0.556044 duration=4618.7s (attempt 1/3)
2026-09-09 08:00:43,713  INFO     ale_run.environments.providers.gcloud  CUA server ready at http://localhost:33005
2026-09-09 08:00:43,713  INFO     computer  Logger set to INFO level
2026-09-09 08:00:43,713  INFO     computer  Initializing Computer...
2026-09-09 08:00:43,714  INFO     computer  Logger set to INFO level
2026-09-09 08:00:43,714  INFO     computer.vm  Logger set to INFO level
2026-09-09 08:00:43,714  INFO     computer.interface  Logger set to INFO level
2026-09-09 08:00:43,714  INFO     core.telemetry  Recording event: computer_initialized with properties: {'version': '0.1.8', 'os': 'linux', 'os_version': '6.8.0-138-generic', 'python_version': '3.12.3', 'provider_type': 'lume'}
2026-09-09 08:00:43,715  INFO     core.telemetry  Sent event to PostHog: computer_initialized
2026-09-09 08:00:44,750  INFO     cua.interface  Logger set to INFO level
2026-09-09 08:00:44,750  INFO     computer.interface.linux  Logger set to INFO level
2026-09-09 08:00:46,624  INFO     ale_run.environments.task_data.local_host  local: staged ['input', 'software'] for cell_translocation_analysis from task-data/life_sciences/cell_translocation_analysis/base
2026-09-09 08:00:46,732  INFO     ale_run.tasks.loader  Loaded task config via load() function
2026-09-09 08:00:46,733  INFO     ale_run.tasks.driver  Running task setup (attempt 1/4)...
2026-09-09 08:00:46,733  INFO     ale_run.tasks.driver  Task setup completed
2026-09-09 08:02:26,175  INFO     ale_run.executors.sandbox  sandbox: spawned pid=1477 (deployer=MetisDeployer, work_dir=/home/user/.ale/metis/adapters_ale_official_deployer_metisdeployer__gpt-5-6-luna__life_sciences__cell_translocation_analysis__v0__20260908_031943)
--- docker ---
ale-life-sciences-cell-translocation-analysi-7aae136b Up 10 minutes
--- progress ---
best_tasks=66/98 status={'failed': 2, 'completed': 64} done≈64
completed_mean=0.3711 n=64
/dev/mapper/ubuntu--vg-ubuntu--lv  490G  272G  198G  58% /
---
==== 2026-09-09 08:09:44 ====
run.json finished: 75
cats {'pending_or_running': 34, 'completed_score>0': 39, 'completed_score=0': 25}
---
active
active
SOCAT_OK
FETCH=0
parsed finished=74 active=active sing=active socat_ok=1 fetch=0 cats {'pending_or_running': 35, 'completed_score>0': 38, 'completed_score=0': 25}
parsed finished=74 active=active sing=active socat_ok=1 fetch=0 cats {'pending_or_running': 35, 'completed_score>0': 38, 'completed_score=0': 25}
parsed finished=75 active=active sing=active socat_ok=1 fetch=0 cats {'pending_or_running': 34, 'completed_score>0': 39, 'completed_score=0': 25}
ale-life-sciences-cell-translocation-analysi-7aae136b Up 10 minutes
summary finished=75 best=best_tasks=66/98 active=active fetch=0
==== observe pollR=19 2026-09-09 08:49:46 ====
=== 2026-09-09T08:49:48+08:00 r2 monitor ===
active
enabled
2026-09-09 07:59:20,633  INFO     ale_run.environments.providers.docker  Container ale-life-sciences-cell-translocation-analysi-7aae136b sizing: machine_type=c4-standard-4 -> cpus=1.5 memory=2g (res=1024x768)
2026-09-09 07:59:20,633  INFO     ale_run.environments.providers.docker  Creating Docker container ale-life-sciences-cell-translocation-analysi-7aae136b from agentslastexam/ale-ubuntu22-docker:latest
2026-09-09 07:59:28,028  INFO     ale_run.environments.providers.docker  Container ale-life-sciences-cell-translocation-analysi-7aae136b started (id=9adb12fbe69f)
2026-09-09 07:59:28,240  INFO     ale_run.environments.providers.docker  Container ale-life-sciences-cell-translocation-analysi-7aae136b ports: cua=33005 vnc=33006
2026-09-09 07:59:36,160  INFO     ale_run.orchestration.runner  [adapters.ale_official.deployer.MetisDeployer/life_sciences/cell_tracking_instance_1/v0] done: status=completed score=0.556044 duration=4618.7s (attempt 1/3)
2026-09-09 08:00:43,713  INFO     ale_run.environments.providers.gcloud  CUA server ready at http://localhost:33005
2026-09-09 08:00:43,713  INFO     computer  Logger set to INFO level
2026-09-09 08:00:43,713  INFO     computer  Initializing Computer...
2026-09-09 08:00:43,714  INFO     computer  Logger set to INFO level
2026-09-09 08:00:43,714  INFO     computer.vm  Logger set to INFO level
2026-09-09 08:00:43,714  INFO     computer.interface  Logger set to INFO level
2026-09-09 08:00:43,714  INFO     core.telemetry  Recording event: computer_initialized with properties: {'version': '0.1.8', 'os': 'linux', 'os_version': '6.8.0-138-generic', 'python_version': '3.12.3', 'provider_type': 'lume'}
2026-09-09 08:00:43,715  INFO     core.telemetry  Sent event to PostHog: computer_initialized
2026-09-09 08:00:44,750  INFO     cua.interface  Logger set to INFO level
2026-09-09 08:00:44,750  INFO     computer.interface.linux  Logger set to INFO level
2026-09-09 08:00:46,624  INFO     ale_run.environments.task_data.local_host  local: staged ['input', 'software'] for cell_translocation_analysis from task-data/life_sciences/cell_translocation_analysis/base
2026-09-09 08:00:46,732  INFO     ale_run.tasks.loader  Loaded task config via load() function
2026-09-09 08:00:46,733  INFO     ale_run.tasks.driver  Running task setup (attempt 1/4)...
2026-09-09 08:00:46,733  INFO     ale_run.tasks.driver  Task setup completed
2026-09-09 08:02:26,175  INFO     ale_run.executors.sandbox  sandbox: spawned pid=1477 (deployer=MetisDeployer, work_dir=/home/user/.ale/metis/adapters_ale_official_deployer_metisdeployer__gpt-5-6-luna__life_sciences__cell_translocation_analysis__v0__20260908_031943)
--- docker ---
ale-life-sciences-cell-translocation-analysi-7aae136b Up 50 minutes
--- progress ---
best_tasks=66/98 status={'failed': 2, 'completed': 64} done≈64
completed_mean=0.3711 n=64
/dev/mapper/ubuntu--vg-ubuntu--lv  490G  272G  197G  59% /
---
==== 2026-09-09 08:49:49 ====
run.json finished: 75
cats {'pending_or_running': 34, 'completed_score>0': 39, 'completed_score=0': 25}
---
active
active
SOCAT_OK
FETCH=0
parsed finished=74 active=active sing=active socat_ok=1 fetch=0 cats {'pending_or_running': 35, 'completed_score>0': 38, 'completed_score=0': 25}
parsed finished=75 active=active sing=active socat_ok=1 fetch=0 cats {'pending_or_running': 34, 'completed_score>0': 39, 'completed_score=0': 25}
parsed finished=75 active=active sing=active socat_ok=1 fetch=0 cats {'pending_or_running': 34, 'completed_score>0': 39, 'completed_score=0': 25}
ale-life-sciences-cell-translocation-analysi-7aae136b Up 50 minutes
summary finished=75 best=best_tasks=66/98 active=active fetch=0
==== observe pollR=20 2026-09-09 10:58:35 ====
=== 2026-09-09T10:58:40+08:00 r2 monitor ===
active
enabled
2026-09-09 10:27:07,494  INFO     ale_run.environments.providers.docker  Container ale-life-sciences-idp-ensemble-scoring-8878246c sizing: machine_type=c4-standard-16 -> cpus=1.5 memory=2g (res=1024x768)
2026-09-09 10:27:07,494  INFO     ale_run.environments.providers.docker  Creating Docker container ale-life-sciences-idp-ensemble-scoring-8878246c from agentslastexam/ale-ubuntu22-docker:latest
2026-09-09 10:27:14,510  INFO     ale_run.orchestration.runner  [adapters.ale_official.deployer.MetisDeployer/life_sciences/hg002_chr22_germline_variant_pipeline/v0] done: status=completed score=0.0 duration=1691.1s (attempt 1/3)
2026-09-09 10:27:14,772  INFO     ale_run.environments.providers.docker  Container ale-life-sciences-idp-ensemble-scoring-8878246c started (id=22115bd19d96)
2026-09-09 10:27:14,875  INFO     ale_run.environments.providers.docker  Container ale-life-sciences-idp-ensemble-scoring-8878246c ports: cua=33013 vnc=33014
2026-09-09 10:28:21,230  INFO     ale_run.environments.providers.gcloud  CUA server ready at http://localhost:33013
2026-09-09 10:28:21,283  INFO     computer  Logger set to INFO level
2026-09-09 10:28:21,284  INFO     computer  Initializing Computer...
2026-09-09 10:28:21,284  INFO     computer  Logger set to INFO level
2026-09-09 10:28:21,284  INFO     computer.vm  Logger set to INFO level
2026-09-09 10:28:21,284  INFO     computer.interface  Logger set to INFO level
2026-09-09 10:28:21,284  INFO     core.telemetry  Recording event: computer_initialized with properties: {'version': '0.1.8', 'os': 'linux', 'os_version': '6.8.0-138-generic', 'python_version': '3.12.3', 'provider_type': 'lume'}
2026-09-09 10:28:21,285  INFO     core.telemetry  Sent event to PostHog: computer_initialized
2026-09-09 10:28:22,871  INFO     cua.interface  Logger set to INFO level
2026-09-09 10:28:22,871  INFO     computer.interface.linux  Logger set to INFO level
2026-09-09 10:34:23,934  INFO     ale_run.environments.task_data.local_host  local: staged ['input'] for idp_ensemble_scoring from task-data/life_sciences/idp_ensemble_scoring/default
2026-09-09 10:34:24,270  INFO     ale_run.tasks.loader  Loaded task config via load() function
2026-09-09 10:34:24,279  INFO     ale_run.tasks.driver  Running task setup (attempt 1/4)...
2026-09-09 10:34:24,302  INFO     ale_run.tasks.driver  Task setup completed
2026-09-09 10:36:08,674  INFO     ale_run.executors.sandbox  sandbox: spawned pid=1475 (deployer=MetisDeployer, work_dir=/home/user/.ale/metis/adapters_ale_official_deployer_metisdeployer__gpt-5-6-luna__life_sciences__idp_ensemble_scoring__v0__20260908_031944)
--- docker ---
ale-life-sciences-idp-ensemble-scoring-8878246c Up 31 minutes
--- progress ---
best_tasks=70/98 status={'failed': 2, 'completed': 68} done≈68
completed_mean=0.3676 n=68
/dev/mapper/ubuntu--vg-ubuntu--lv  490G  285G  185G  61% /
---
==== 2026-09-09 10:58:40 ====
run.json finished: 79
cats {'pending_or_running': 30, 'completed_score>0': 41, 'completed_score=0': 27}
---
active
active
SOCAT_OK
FETCH=0
parsed finished=75 active=active sing=active socat_ok=1 fetch=0 cats {'pending_or_running': 34, 'completed_score>0': 39, 'completed_score=0': 25}
parsed finished=78 active=active sing=active socat_ok=1 fetch=0 cats {'pending_or_running': 31, 'completed_score>0': 41, 'completed_score=0': 26}
parsed finished=79 active=active sing=active socat_ok=1 fetch=0 cats {'pending_or_running': 30, 'completed_score>0': 41, 'completed_score=0': 27}
ale-life-sciences-idp-ensemble-scoring-8878246c Up 31 minutes
summary finished=79 best=best_tasks=70/98 active=active fetch=0
==== observe pollR=21 2026-09-09 11:38:41 ====
=== 2026-09-09T11:38:42+08:00 r2 monitor ===
active
enabled
2026-09-09 11:04:09,549  INFO     ale_run.environments.providers.docker  Container ale-life-sciences-merfish-image-decoding-seg-646873b1 sizing: machine_type=c4-standard-4 -> cpus=1.5 memory=2g (res=1024x768)
2026-09-09 11:04:09,549  INFO     ale_run.environments.providers.docker  Creating Docker container ale-life-sciences-merfish-image-decoding-seg-646873b1 from agentslastexam/ale-ubuntu22-docker:latest
2026-09-09 11:04:09,776  INFO     ale_run.orchestration.runner  [adapters.ale_official.deployer.MetisDeployer/life_sciences/idp_ensemble_scoring/v0] done: status=completed score=0.0 duration=2200.7s (attempt 1/3)
2026-09-09 11:04:15,376  INFO     ale_run.environments.providers.docker  Container ale-life-sciences-merfish-image-decoding-seg-646873b1 started (id=041e376ad1d0)
2026-09-09 11:04:15,560  INFO     ale_run.environments.providers.docker  Container ale-life-sciences-merfish-image-decoding-seg-646873b1 ports: cua=33015 vnc=33016
2026-09-09 11:05:19,054  INFO     ale_run.environments.providers.gcloud  CUA server ready at http://localhost:33015
2026-09-09 11:05:19,317  INFO     computer  Logger set to INFO level
2026-09-09 11:05:19,317  INFO     computer  Initializing Computer...
2026-09-09 11:05:19,331  INFO     computer  Logger set to INFO level
2026-09-09 11:05:19,332  INFO     computer.vm  Logger set to INFO level
2026-09-09 11:05:19,332  INFO     computer.interface  Logger set to INFO level
2026-09-09 11:05:19,332  INFO     core.telemetry  Recording event: computer_initialized with properties: {'version': '0.1.8', 'os': 'linux', 'os_version': '6.8.0-138-generic', 'python_version': '3.12.3', 'provider_type': 'lume'}
2026-09-09 11:05:19,358  INFO     core.telemetry  Sent event to PostHog: computer_initialized
2026-09-09 11:05:20,508  INFO     cua.interface  Logger set to INFO level
2026-09-09 11:05:20,509  INFO     computer.interface.linux  Logger set to INFO level
2026-09-09 11:05:22,776  INFO     ale_run.environments.task_data.local_host  local: staged ['input', 'software'] for merfish_image_decoding_segmentation_1 from task-data/life_sciences/merfish_image_decoding_segmentation_1/base
2026-09-09 11:05:22,923  INFO     ale_run.tasks.loader  Loaded task config via load() function
2026-09-09 11:05:22,924  INFO     ale_run.tasks.driver  Running task setup (attempt 1/4)...
2026-09-09 11:05:22,924  INFO     ale_run.tasks.driver  Task setup completed
2026-09-09 11:07:05,558  INFO     ale_run.executors.sandbox  sandbox: spawned pid=1473 (deployer=MetisDeployer, work_dir=/home/user/.ale/metis/adapters_ale_official_deployer_metisdeployer__gpt-5-6-luna__life_sciences__merfish_image_decoding_segmentation_1__v0__20260908_031944)
--- docker ---
ale-life-sciences-merfish-image-decoding-seg-646873b1 Up 34 minutes
--- progress ---
best_tasks=71/98 status={'failed': 2, 'completed': 69} done≈69
completed_mean=0.3623 n=69
/dev/mapper/ubuntu--vg-ubuntu--lv  490G  273G  197G  59% /
---
==== 2026-09-09 11:38:43 ====
run.json finished: 80
cats {'pending_or_running': 29, 'completed_score>0': 41, 'completed_score=0': 28}
---
active
active
SOCAT_OK
FETCH=0
parsed finished=78 active=active sing=active socat_ok=1 fetch=0 cats {'pending_or_running': 31, 'completed_score>0': 41, 'completed_score=0': 26}
parsed finished=79 active=active sing=active socat_ok=1 fetch=0 cats {'pending_or_running': 30, 'completed_score>0': 41, 'completed_score=0': 27}
parsed finished=80 active=active sing=active socat_ok=1 fetch=0 cats {'pending_or_running': 29, 'completed_score>0': 41, 'completed_score=0': 28}
ale-life-sciences-merfish-image-decoding-seg-646873b1 Up 34 minutes
summary finished=80 best=best_tasks=71/98 active=active fetch=0
==== observe pollR=22 2026-09-09 12:18:44 ====
=== 2026-09-09T12:18:48+08:00 r2 monitor ===
active
enabled
2026-09-09 11:48:01,347  INFO     ale_run.environments.providers.docker  Container ale-life-sciences-protein-function-annotatio-816989a8 sizing: machine_type=c4-standard-4 -> cpus=1.5 memory=2g (res=1024x768)
2026-09-09 11:48:01,347  INFO     ale_run.environments.providers.docker  Creating Docker container ale-life-sciences-protein-function-annotatio-816989a8 from agentslastexam/ale-ubuntu22-docker:latest
2026-09-09 11:48:11,295  INFO     ale_run.orchestration.runner  [adapters.ale_official.deployer.MetisDeployer/life_sciences/merfish_image_decoding_segmentation_1/v0] done: status=completed score=0.0 duration=2648.2s (attempt 1/3)
2026-09-09 11:48:11,523  INFO     ale_run.environments.providers.docker  Container ale-life-sciences-protein-function-annotatio-816989a8 started (id=da7d88f9ac87)
2026-09-09 11:48:11,623  INFO     ale_run.environments.providers.docker  Container ale-life-sciences-protein-function-annotatio-816989a8 ports: cua=33017 vnc=33018
2026-09-09 11:49:21,007  INFO     ale_run.environments.providers.gcloud  CUA server ready at http://localhost:33017
2026-09-09 11:49:21,025  INFO     computer  Logger set to INFO level
2026-09-09 11:49:21,025  INFO     computer  Initializing Computer...
2026-09-09 11:49:21,026  INFO     computer  Logger set to INFO level
2026-09-09 11:49:21,026  INFO     computer.vm  Logger set to INFO level
2026-09-09 11:49:21,026  INFO     computer.interface  Logger set to INFO level
2026-09-09 11:49:21,026  INFO     core.telemetry  Recording event: computer_initialized with properties: {'version': '0.1.8', 'os': 'linux', 'os_version': '6.8.0-138-generic', 'python_version': '3.12.3', 'provider_type': 'lume'}
2026-09-09 11:49:21,027  INFO     core.telemetry  Sent event to PostHog: computer_initialized
2026-09-09 11:49:24,720  INFO     cua.interface  Logger set to INFO level
2026-09-09 11:49:24,720  INFO     computer.interface.linux  Logger set to INFO level
2026-09-09 11:49:25,765  INFO     ale_run.environments.task_data.local_host  local: staged ['input', 'software'] for protein_function_annotation_instance_1 from task-data/life_sciences/protein_function_annotation_instance_1/base
2026-09-09 11:49:25,848  INFO     ale_run.tasks.loader  Loaded task config via load() function
2026-09-09 11:49:25,850  INFO     ale_run.tasks.driver  Running task setup (attempt 1/4)...
2026-09-09 11:49:25,850  INFO     ale_run.tasks.driver  Task setup completed
2026-09-09 11:51:06,097  INFO     ale_run.executors.sandbox  sandbox: spawned pid=1475 (deployer=MetisDeployer, work_dir=/home/user/.ale/metis/adapters_ale_official_deployer_metisdeployer__gpt-5-6-luna__life_sciences__protein_function_annotation_instance_1__v0__20260908_031944)
--- docker ---
ale-life-sciences-protein-function-annotatio-816989a8 Up 30 minutes
--- progress ---
best_tasks=72/98 status={'failed': 2, 'completed': 70} done≈70
completed_mean=0.3571 n=70
/dev/mapper/ubuntu--vg-ubuntu--lv  490G  273G  197G  59% /
---
==== 2026-09-09 12:18:49 ====
run.json finished: 81
cats {'pending_or_running': 28, 'completed_score>0': 41, 'completed_score=0': 29}
---
active
active
SOCAT_OK
FETCH=0
parsed finished=79 active=active sing=active socat_ok=1 fetch=0 cats {'pending_or_running': 30, 'completed_score>0': 41, 'completed_score=0': 27}
parsed finished=80 active=active sing=active socat_ok=1 fetch=0 cats {'pending_or_running': 29, 'completed_score>0': 41, 'completed_score=0': 28}
parsed finished=81 active=active sing=active socat_ok=1 fetch=0 cats {'pending_or_running': 28, 'completed_score>0': 41, 'completed_score=0': 29}
ale-life-sciences-protein-function-annotatio-816989a8 Up 30 minutes
summary finished=81 best=best_tasks=72/98 active=active fetch=0
==== observe pollR=23 2026-09-09 12:58:50 ====
=== 2026-09-09T12:58:54+08:00 r2 monitor ===
active
enabled
2026-09-09 12:24:23,993  INFO     ale_run.environments.providers.docker  Container ale-life-sciences-pseudotime-de-dd9d0d19 sizing: machine_type=c4-standard-4 -> cpus=1.5 memory=2g (res=1024x768)
2026-09-09 12:24:23,993  INFO     ale_run.environments.providers.docker  Creating Docker container ale-life-sciences-pseudotime-de-dd9d0d19 from agentslastexam/ale-ubuntu22-docker:latest
2026-09-09 12:24:30,534  INFO     ale_run.orchestration.runner  [adapters.ale_official.deployer.MetisDeployer/life_sciences/protein_function_annotation_instance_1/v0] done: status=completed score=0.0 duration=2182.9s (attempt 1/3)
2026-09-09 12:24:31,334  INFO     ale_run.environments.providers.docker  Container ale-life-sciences-pseudotime-de-dd9d0d19 started (id=053ff482a53c)
2026-09-09 12:24:31,438  INFO     ale_run.environments.providers.docker  Container ale-life-sciences-pseudotime-de-dd9d0d19 ports: cua=33019 vnc=33020
2026-09-09 12:25:40,820  INFO     ale_run.environments.providers.gcloud  CUA server ready at http://localhost:33019
2026-09-09 12:25:40,869  INFO     computer  Logger set to INFO level
2026-09-09 12:25:40,869  INFO     computer  Initializing Computer...
2026-09-09 12:25:40,869  INFO     computer  Logger set to INFO level
2026-09-09 12:25:40,869  INFO     computer.vm  Logger set to INFO level
2026-09-09 12:25:40,869  INFO     computer.interface  Logger set to INFO level
2026-09-09 12:25:40,870  INFO     core.telemetry  Recording event: computer_initialized with properties: {'version': '0.1.8', 'os': 'linux', 'os_version': '6.8.0-138-generic', 'python_version': '3.12.3', 'provider_type': 'lume'}
2026-09-09 12:25:40,870  INFO     core.telemetry  Sent event to PostHog: computer_initialized
2026-09-09 12:25:41,640  INFO     cua.interface  Logger set to INFO level
2026-09-09 12:25:41,641  INFO     computer.interface.linux  Logger set to INFO level
2026-09-09 12:25:43,303  INFO     ale_run.environments.task_data.local_host  local: staged ['input'] for pseudotime_de from task-data/life_sciences/pseudotime_de/base
2026-09-09 12:25:43,341  INFO     ale_run.tasks.loader  Loaded task config via load() function
2026-09-09 12:25:43,342  INFO     ale_run.tasks.driver  Running task setup (attempt 1/4)...
2026-09-09 12:25:43,351  INFO     ale_run.tasks.driver  Task setup completed
2026-09-09 12:27:28,036  INFO     ale_run.executors.sandbox  sandbox: spawned pid=1470 (deployer=MetisDeployer, work_dir=/home/user/.ale/metis/adapters_ale_official_deployer_metisdeployer__gpt-5-6-luna__life_sciences__pseudotime_de__v0__20260908_031945)
--- docker ---
ale-life-sciences-pseudotime-de-dd9d0d19 Up 34 minutes
--- progress ---
best_tasks=73/98 status={'failed': 2, 'completed': 71} done≈71
completed_mean=0.3521 n=71
/dev/mapper/ubuntu--vg-ubuntu--lv  490G  273G  197G  59% /
---
==== 2026-09-09 12:58:55 ====
run.json finished: 82
cats {'pending_or_running': 27, 'completed_score>0': 41, 'completed_score=0': 30}
---
active
active
SOCAT_OK
FETCH=0
parsed finished=80 active=active sing=active socat_ok=1 fetch=0 cats {'pending_or_running': 29, 'completed_score>0': 41, 'completed_score=0': 28}
parsed finished=81 active=active sing=active socat_ok=1 fetch=0 cats {'pending_or_running': 28, 'completed_score>0': 41, 'completed_score=0': 29}
parsed finished=82 active=active sing=active socat_ok=1 fetch=0 cats {'pending_or_running': 27, 'completed_score>0': 41, 'completed_score=0': 30}
ale-life-sciences-pseudotime-de-dd9d0d19 Up 34 minutes
summary finished=82 best=best_tasks=73/98 active=active fetch=0
==== observe pollR=24 2026-09-09 13:38:56 ====
=== 2026-09-09T13:38:59+08:00 r2 monitor ===
active
enabled
2026-09-09 12:24:23,993  INFO     ale_run.environments.providers.docker  Container ale-life-sciences-pseudotime-de-dd9d0d19 sizing: machine_type=c4-standard-4 -> cpus=1.5 memory=2g (res=1024x768)
2026-09-09 12:24:23,993  INFO     ale_run.environments.providers.docker  Creating Docker container ale-life-sciences-pseudotime-de-dd9d0d19 from agentslastexam/ale-ubuntu22-docker:latest
2026-09-09 12:24:30,534  INFO     ale_run.orchestration.runner  [adapters.ale_official.deployer.MetisDeployer/life_sciences/protein_function_annotation_instance_1/v0] done: status=completed score=0.0 duration=2182.9s (attempt 1/3)
2026-09-09 12:24:31,334  INFO     ale_run.environments.providers.docker  Container ale-life-sciences-pseudotime-de-dd9d0d19 started (id=053ff482a53c)
2026-09-09 12:24:31,438  INFO     ale_run.environments.providers.docker  Container ale-life-sciences-pseudotime-de-dd9d0d19 ports: cua=33019 vnc=33020
2026-09-09 12:25:40,820  INFO     ale_run.environments.providers.gcloud  CUA server ready at http://localhost:33019
2026-09-09 12:25:40,869  INFO     computer  Logger set to INFO level
2026-09-09 12:25:40,869  INFO     computer  Initializing Computer...
2026-09-09 12:25:40,869  INFO     computer  Logger set to INFO level
2026-09-09 12:25:40,869  INFO     computer.vm  Logger set to INFO level
2026-09-09 12:25:40,869  INFO     computer.interface  Logger set to INFO level
2026-09-09 12:25:40,870  INFO     core.telemetry  Recording event: computer_initialized with properties: {'version': '0.1.8', 'os': 'linux', 'os_version': '6.8.0-138-generic', 'python_version': '3.12.3', 'provider_type': 'lume'}
2026-09-09 12:25:40,870  INFO     core.telemetry  Sent event to PostHog: computer_initialized
2026-09-09 12:25:41,640  INFO     cua.interface  Logger set to INFO level
2026-09-09 12:25:41,641  INFO     computer.interface.linux  Logger set to INFO level
2026-09-09 12:25:43,303  INFO     ale_run.environments.task_data.local_host  local: staged ['input'] for pseudotime_de from task-data/life_sciences/pseudotime_de/base
2026-09-09 12:25:43,341  INFO     ale_run.tasks.loader  Loaded task config via load() function
2026-09-09 12:25:43,342  INFO     ale_run.tasks.driver  Running task setup (attempt 1/4)...
2026-09-09 12:25:43,351  INFO     ale_run.tasks.driver  Task setup completed
2026-09-09 12:27:28,036  INFO     ale_run.executors.sandbox  sandbox: spawned pid=1470 (deployer=MetisDeployer, work_dir=/home/user/.ale/metis/adapters_ale_official_deployer_metisdeployer__gpt-5-6-luna__life_sciences__pseudotime_de__v0__20260908_031945)
--- docker ---
ale-life-sciences-pseudotime-de-dd9d0d19 Up About an hour
--- progress ---
best_tasks=73/98 status={'failed': 2, 'completed': 71} done≈71
completed_mean=0.3521 n=71
/dev/mapper/ubuntu--vg-ubuntu--lv  490G  273G  196G  59% /
---
==== 2026-09-09 13:39:00 ====
run.json finished: 82
cats {'pending_or_running': 27, 'completed_score>0': 41, 'completed_score=0': 30}
---
active
active
SOCAT_OK
FETCH=0
parsed finished=81 active=active sing=active socat_ok=1 fetch=0 cats {'pending_or_running': 28, 'completed_score>0': 41, 'completed_score=0': 29}
parsed finished=82 active=active sing=active socat_ok=1 fetch=0 cats {'pending_or_running': 27, 'completed_score>0': 41, 'completed_score=0': 30}
parsed finished=82 active=active sing=active socat_ok=1 fetch=0 cats {'pending_or_running': 27, 'completed_score>0': 41, 'completed_score=0': 30}
ale-life-sciences-pseudotime-de-dd9d0d19 Up About an hour
summary finished=82 best=best_tasks=73/98 active=active fetch=0
==== observe pollR=25 2026-09-09 14:19:01 ====
=== 2026-09-09T14:19:04+08:00 r2 monitor ===
active
enabled
2026-09-09 12:24:23,993  INFO     ale_run.environments.providers.docker  Container ale-life-sciences-pseudotime-de-dd9d0d19 sizing: machine_type=c4-standard-4 -> cpus=1.5 memory=2g (res=1024x768)
2026-09-09 12:24:23,993  INFO     ale_run.environments.providers.docker  Creating Docker container ale-life-sciences-pseudotime-de-dd9d0d19 from agentslastexam/ale-ubuntu22-docker:latest
2026-09-09 12:24:30,534  INFO     ale_run.orchestration.runner  [adapters.ale_official.deployer.MetisDeployer/life_sciences/protein_function_annotation_instance_1/v0] done: status=completed score=0.0 duration=2182.9s (attempt 1/3)
2026-09-09 12:24:31,334  INFO     ale_run.environments.providers.docker  Container ale-life-sciences-pseudotime-de-dd9d0d19 started (id=053ff482a53c)
2026-09-09 12:24:31,438  INFO     ale_run.environments.providers.docker  Container ale-life-sciences-pseudotime-de-dd9d0d19 ports: cua=33019 vnc=33020
2026-09-09 12:25:40,820  INFO     ale_run.environments.providers.gcloud  CUA server ready at http://localhost:33019
2026-09-09 12:25:40,869  INFO     computer  Logger set to INFO level
2026-09-09 12:25:40,869  INFO     computer  Initializing Computer...
2026-09-09 12:25:40,869  INFO     computer  Logger set to INFO level
2026-09-09 12:25:40,869  INFO     computer.vm  Logger set to INFO level
2026-09-09 12:25:40,869  INFO     computer.interface  Logger set to INFO level
2026-09-09 12:25:40,870  INFO     core.telemetry  Recording event: computer_initialized with properties: {'version': '0.1.8', 'os': 'linux', 'os_version': '6.8.0-138-generic', 'python_version': '3.12.3', 'provider_type': 'lume'}
2026-09-09 12:25:40,870  INFO     core.telemetry  Sent event to PostHog: computer_initialized
2026-09-09 12:25:41,640  INFO     cua.interface  Logger set to INFO level
2026-09-09 12:25:41,641  INFO     computer.interface.linux  Logger set to INFO level
2026-09-09 12:25:43,303  INFO     ale_run.environments.task_data.local_host  local: staged ['input'] for pseudotime_de from task-data/life_sciences/pseudotime_de/base
2026-09-09 12:25:43,341  INFO     ale_run.tasks.loader  Loaded task config via load() function
2026-09-09 12:25:43,342  INFO     ale_run.tasks.driver  Running task setup (attempt 1/4)...
2026-09-09 12:25:43,351  INFO     ale_run.tasks.driver  Task setup completed
2026-09-09 12:27:28,036  INFO     ale_run.executors.sandbox  sandbox: spawned pid=1470 (deployer=MetisDeployer, work_dir=/home/user/.ale/metis/adapters_ale_official_deployer_metisdeployer__gpt-5-6-luna__life_sciences__pseudotime_de__v0__20260908_031945)
--- docker ---
ale-life-sciences-pseudotime-de-dd9d0d19 Up 2 hours
--- progress ---
best_tasks=73/98 status={'failed': 2, 'completed': 71} done≈71
completed_mean=0.3521 n=71
/dev/mapper/ubuntu--vg-ubuntu--lv  490G  273G  196G  59% /
---
==== 2026-09-09 14:19:05 ====
run.json finished: 82
cats {'pending_or_running': 27, 'completed_score>0': 41, 'completed_score=0': 30}
---
active
active
SOCAT_OK
FETCH=0
parsed finished=82 active=active sing=active socat_ok=1 fetch=0 cats {'pending_or_running': 27, 'completed_score>0': 41, 'completed_score=0': 30}
parsed finished=82 active=active sing=active socat_ok=1 fetch=0 cats {'pending_or_running': 27, 'completed_score>0': 41, 'completed_score=0': 30}
parsed finished=82 active=active sing=active socat_ok=1 fetch=0 cats {'pending_or_running': 27, 'completed_score>0': 41, 'completed_score=0': 30}
ale-life-sciences-pseudotime-de-dd9d0d19 Up 2 hours
summary finished=82 best=best_tasks=73/98 active=active fetch=0
==== observe pollR=26 2026-09-09 14:59:06 ====
=== 2026-09-09T14:59:09+08:00 r2 monitor ===
active
enabled
2026-09-09 14:25:51,133  INFO     ale_run.environments.providers.docker  Creating Docker container ale-life-sciences-rgi-mcr1-colistin-v2-6e737154 from agentslastexam/ale-ubuntu22-docker:latest
2026-09-09 14:25:58,040  INFO     ale_run.orchestration.runner  [adapters.ale_official.deployer.MetisDeployer/life_sciences/pseudotime_de/v0] done: status=timeout score=0.0 duration=7286.2s (attempt 1/3)
2026-09-09 14:25:58,579  INFO     ale_run.environments.providers.docker  Container ale-life-sciences-rgi-mcr1-colistin-v2-6e737154 started (id=e061f7b8003b)
2026-09-09 14:25:58,711  INFO     ale_run.environments.providers.docker  Container ale-life-sciences-rgi-mcr1-colistin-v2-6e737154 ports: cua=33021 vnc=33022
2026-09-09 14:27:05,180  INFO     ale_run.environments.providers.gcloud  CUA server ready at http://localhost:33021
2026-09-09 14:27:05,222  INFO     computer  Logger set to INFO level
2026-09-09 14:27:05,222  INFO     computer  Initializing Computer...
2026-09-09 14:27:05,223  INFO     computer  Logger set to INFO level
2026-09-09 14:27:05,223  INFO     computer.vm  Logger set to INFO level
2026-09-09 14:27:05,223  INFO     computer.interface  Logger set to INFO level
2026-09-09 14:27:05,223  INFO     core.telemetry  Recording event: computer_initialized with properties: {'version': '0.1.8', 'os': 'linux', 'os_version': '6.8.0-138-generic', 'python_version': '3.12.3', 'provider_type': 'lume'}
2026-09-09 14:27:05,224  INFO     core.telemetry  Sent event to PostHog: computer_initialized
2026-09-09 14:27:15,232  WARNING  posthog  [PostHog] analytics lane flush ran out of budget (10.0s granted) with 1 items pending.
2026-09-09 14:27:15,305  INFO     cua.interface  Logger set to INFO level
2026-09-09 14:27:15,305  INFO     computer.interface.linux  Logger set to INFO level
2026-09-09 14:27:16,251  INFO     ale_run.environments.task_data.local_host  local: staged ['input'] for rgi_mcr1_colistin_v2 from task-data/life_sciences/rgi_mcr1_colistin_v2/base
2026-09-09 14:27:16,322  INFO     ale_run.tasks.loader  Loaded task config via load() function
2026-09-09 14:27:16,323  INFO     ale_run.tasks.driver  Running task setup (attempt 1/4)...
2026-09-09 14:27:16,323  INFO     ale_run.tasks.driver  Task setup completed
2026-09-09 14:28:59,516  INFO     ale_run.executors.sandbox  sandbox: spawned pid=1474 (deployer=MetisDeployer, work_dir=/home/user/.ale/metis/adapters_ale_official_deployer_metisdeployer__gpt-5-6-luna__life_sciences__rgi_mcr1_colistin_v2__v0__20260908_031945)
--- docker ---
ale-life-sciences-rgi-mcr1-colistin-v2-6e737154 Up 33 minutes
--- progress ---
best_tasks=74/98 status={'failed': 2, 'completed': 71, 'timeout': 1} done≈72
completed_mean=0.3521 n=71
/dev/mapper/ubuntu--vg-ubuntu--lv  490G  273G  197G  59% /
---
==== 2026-09-09 14:59:10 ====
run.json finished: 83
cats {'pending_or_running': 26, 'completed_score>0': 41, 'completed_score=0': 30, 'timeout': 1}
---
active
active
SOCAT_OK
FETCH=0
parsed finished=82 active=active sing=active socat_ok=1 fetch=0 cats {'pending_or_running': 27, 'completed_score>0': 41, 'completed_score=0': 30}
parsed finished=82 active=active sing=active socat_ok=1 fetch=0 cats {'pending_or_running': 27, 'completed_score>0': 41, 'completed_score=0': 30}
parsed finished=83 active=active sing=active socat_ok=1 fetch=0 cats {'pending_or_running': 26, 'completed_score>0': 41, 'completed_score=0': 30, 'timeout': 1}
ale-life-sciences-rgi-mcr1-colistin-v2-6e737154 Up 33 minutes
summary finished=83 best=best_tasks=74/98 active=active fetch=0
==== observe pollR=27 2026-09-09 16:17:50 ====
=== 2026-09-09T16:18:02+08:00 r2 monitor ===
active
enabled
2026-09-09 16:17:41,205  WARNING  core.telemetry.otel  OpenTelemetry packages not installed: No module named 'opentelemetry.exporter'. Install with: pip install opentelemetry-api opentelemetry-sdk opentelemetry-exporter-otlp-proto-http
2026-09-09 16:17:41,227  WARNING  core.telemetry.otel  OpenTelemetry packages not installed: No module named 'opentelemetry.exporter'. Install with: pip install opentelemetry-api opentelemetry-sdk opentelemetry-exporter-otlp-proto-http
2026-09-09 16:17:41,567  WARNING  core.telemetry.otel  OpenTelemetry packages not installed: No module named 'opentelemetry.exporter'. Install with: pip install opentelemetry-api opentelemetry-sdk opentelemetry-exporter-otlp-proto-http
2026-09-09 16:17:41,567  WARNING  core.telemetry.otel  OpenTelemetry packages not installed: No module named 'opentelemetry.exporter'. Install with: pip install opentelemetry-api opentelemetry-sdk opentelemetry-exporter-otlp-proto-http
2026-09-09 16:17:41,630  WARNING  core.telemetry.otel  OpenTelemetry packages not installed: No module named 'opentelemetry.exporter'. Install with: pip install opentelemetry-api opentelemetry-sdk opentelemetry-exporter-otlp-proto-http
2026-09-09 16:17:41,661  WARNING  core.telemetry.otel  OpenTelemetry packages not installed: No module named 'opentelemetry.exporter'. Install with: pip install opentelemetry-api opentelemetry-sdk opentelemetry-exporter-otlp-proto-http
2026-09-09 16:17:41,731  WARNING  core.telemetry.otel  OpenTelemetry packages not installed: No module named 'opentelemetry.exporter'. Install with: pip install opentelemetry-api opentelemetry-sdk opentelemetry-exporter-otlp-proto-http
2026-09-09 16:17:41,754  INFO     computer  Stopping Computer...
2026-09-09 16:17:41,754  INFO     computer  Computer stopped
2026-09-09 16:17:41,754  WARNING  core.telemetry.otel  OpenTelemetry packages not installed: No module named 'opentelemetry.exporter'. Install with: pip install opentelemetry-api opentelemetry-sdk opentelemetry-exporter-otlp-proto-http
2026-09-09 16:17:41,755  INFO     ale_run.environments.providers.docker  Removing container ale-physical-sciences-adapt-vqe-molecular-en-849e6123
2026-09-09 16:17:41,817  INFO     ale_run.tasks.loader  Loaded task config via load() function
2026-09-09 16:17:41,999  INFO     ale_run.environments.providers.docker  Container ale-physical-sciences-climate-prediction-a4ee725d sizing: machine_type=c4-standard-4 -> cpus=1.5 memory=2g (res=1024x768)
2026-09-09 16:17:41,999  INFO     ale_run.environments.providers.docker  Creating Docker container ale-physical-sciences-climate-prediction-a4ee725d from agentslastexam/ale-ubuntu22-docker:latest
2026-09-09 16:17:46,463  INFO     ale_run.orchestration.runner  [adapters.ale_official.deployer.MetisDeployer/physical_sciences/adapt_vqe_molecular_energy/v0] done: status=failed score=0.0 duration=130.4s (attempt 1/3)
2026-09-09 16:17:46,463  WARNING  ale_run.orchestration.runner  [adapters.ale_official.deployer.MetisDeployer/physical_sciences/adapt_vqe_molecular_energy/v0] failed on attempt 1/3; requeued
2026-09-09 16:17:46,463  INFO     ale_run.orchestration.runner  [adapters.ale_official.deployer.MetisDeployer/physical_sciences/adapt_vqe_molecular_energy/v0] queued (attempt 2/3)
2026-09-09 16:17:46,463  INFO     adapters.ale_official.config  metis: embedded auth.json content (2308 bytes) for sandbox install
2026-09-09 16:17:47,673  INFO     ale_run.environments.providers.docker  Container ale-physical-sciences-climate-prediction-a4ee725d started (id=aaeae3874506)
2026-09-09 16:17:47,871  INFO     ale_run.environments.providers.docker  Container ale-physical-sciences-climate-prediction-a4ee725d ports: cua=33040 vnc=33041
--- docker ---
ale-physical-sciences-climate-prediction-a4ee725d Up 16 seconds
--- progress ---
best_tasks=83/98 status={'failed': 9, 'completed': 73, 'timeout': 1} done≈74
completed_mean=0.3424 n=73
/dev/mapper/ubuntu--vg-ubuntu--lv  490G  273G  196G  59% /
---
==== 2026-09-09 16:18:29 ====
run.json finished: 92
cats {'pending_or_running': 24, 'completed_score>0': 41, 'completed_score=0': 32, 'timeout': 1}
---
active
active
SOCAT_OK
FETCH=0
parsed finished=83 active=active sing=active socat_ok=1 fetch=0 cats {'pending_or_running': 26, 'completed_score>0': 41, 'completed_score=0': 30, 'timeout': 1}
parsed finished=84 active=active sing=active socat_ok=1 fetch=0 cats {'pending_or_running': 25, 'completed_score>0': 41, 'completed_score=0': 31, 'timeout': 1}
parsed finished=86 active=active sing=active socat_ok=1 fetch=0 cats {'pending_or_running': 24, 'completed_score>0': 41, 'completed_score=0': 32, 'timeout': 1}
ale-physical-sciences-climate-prediction-a4ee725d Up 50 seconds
summary finished=92 best=best_tasks=83/98 active=active fetch=0
==== observe pollR=28 2026-09-09 16:58:36 ====
=== 2026-09-09T16:58:53+08:00 r2 monitor ===
active
enabled
2026-09-09 16:58:44,281  WARNING  core.telemetry.otel  OpenTelemetry packages not installed: No module named 'opentelemetry.exporter'. Install with: pip install opentelemetry-api opentelemetry-sdk opentelemetry-exporter-otlp-proto-http
2026-09-09 16:58:44,287  WARNING  core.telemetry.otel  OpenTelemetry packages not installed: No module named 'opentelemetry.exporter'. Install with: pip install opentelemetry-api opentelemetry-sdk opentelemetry-exporter-otlp-proto-http
2026-09-09 16:58:44,288  WARNING  core.telemetry.otel  OpenTelemetry packages not installed: No module named 'opentelemetry.exporter'. Install with: pip install opentelemetry-api opentelemetry-sdk opentelemetry-exporter-otlp-proto-http
2026-09-09 16:58:44,293  WARNING  core.telemetry.otel  OpenTelemetry packages not installed: No module named 'opentelemetry.exporter'. Install with: pip install opentelemetry-api opentelemetry-sdk opentelemetry-exporter-otlp-proto-http
2026-09-09 16:58:44,293  WARNING  core.telemetry.otel  OpenTelemetry packages not installed: No module named 'opentelemetry.exporter'. Install with: pip install opentelemetry-api opentelemetry-sdk opentelemetry-exporter-otlp-proto-http
2026-09-09 16:58:44,298  WARNING  core.telemetry.otel  OpenTelemetry packages not installed: No module named 'opentelemetry.exporter'. Install with: pip install opentelemetry-api opentelemetry-sdk opentelemetry-exporter-otlp-proto-http
2026-09-09 16:58:44,299  INFO     _task_life_sciences_tcga_brca_deg_analysis  Missing output files: ['sample_summary.txt', 'pca_plot.png', 'deg_results_all.csv', 'deg_results_significant.csv', 'volcano_plot.png', 'benchmark_summary.csv', 'run_manifest.json']
2026-09-09 16:58:44,352  INFO     computer  Stopping Computer...
2026-09-09 16:58:44,352  INFO     computer  Computer stopped
2026-09-09 16:58:44,352  WARNING  core.telemetry.otel  OpenTelemetry packages not installed: No module named 'opentelemetry.exporter'. Install with: pip install opentelemetry-api opentelemetry-sdk opentelemetry-exporter-otlp-proto-http
2026-09-09 16:58:44,353  INFO     ale_run.environments.providers.docker  Removing container ale-life-sciences-tcga-brca-deg-analysis-c7b2a24f
2026-09-09 16:58:45,231  INFO     ale_run.tasks.loader  Loaded task config via load() function
2026-09-09 16:58:45,408  INFO     ale_run.environments.providers.docker  Container ale-life-sciences-tms-marrow-cell-type-annot-fe76abb6 sizing: machine_type=c4-standard-4 -> cpus=1.5 memory=2g (res=1024x768)
2026-09-09 16:58:45,409  INFO     ale_run.environments.providers.docker  Creating Docker container ale-life-sciences-tms-marrow-cell-type-annot-fe76abb6 from agentslastexam/ale-ubuntu22-docker:latest
2026-09-09 16:58:50,549  INFO     ale_run.orchestration.runner  [adapters.ale_official.deployer.MetisDeployer/life_sciences/tcga_brca_deg_analysis/v0] done: status=failed score=0.0 duration=132.8s (attempt 2/3)
2026-09-09 16:58:50,549  WARNING  ale_run.orchestration.runner  [adapters.ale_official.deployer.MetisDeployer/life_sciences/tcga_brca_deg_analysis/v0] failed on attempt 2/3; requeued
2026-09-09 16:58:50,549  INFO     ale_run.orchestration.runner  [adapters.ale_official.deployer.MetisDeployer/life_sciences/tcga_brca_deg_analysis/v0] queued (attempt 3/3)
2026-09-09 16:58:50,562  INFO     adapters.ale_official.config  metis: embedded auth.json content (2308 bytes) for sandbox install
2026-09-09 16:58:52,577  INFO     ale_run.environments.providers.docker  Container ale-life-sciences-tms-marrow-cell-type-annot-fe76abb6 started (id=de5ffbb20ecc)
2026-09-09 16:58:52,781  INFO     ale_run.environments.providers.docker  Container ale-life-sciences-tms-marrow-cell-type-annot-fe76abb6 ports: cua=33081 vnc=33083
--- docker ---
ale-life-sciences-tms-marrow-cell-type-annot-fe76abb6 Up 3 seconds
--- progress ---
best_tasks=98/98 status={'failed': 24, 'completed': 73, 'timeout': 1} done≈74
completed_mean=0.3424 n=73
/dev/mapper/ubuntu--vg-ubuntu--lv  490G  273G  197G  59% /
---
==== 2026-09-09 16:59:00 ====
run.json finished: 110
cats {'pending_or_running': 24, 'completed_score>0': 41, 'completed_score=0': 32, 'timeout': 1}
---
active
active
SOCAT_OK
FETCH=0
parsed finished=84 active=active sing=active socat_ok=1 fetch=0 cats {'pending_or_running': 25, 'completed_score>0': 41, 'completed_score=0': 31, 'timeout': 1}
parsed finished=86 active=active sing=active socat_ok=1 fetch=0 cats {'pending_or_running': 24, 'completed_score>0': 41, 'completed_score=0': 32, 'timeout': 1}
parsed finished=103 active=active sing=active socat_ok=1 fetch=0 cats {'pending_or_running': 24, 'completed_score>0': 41, 'completed_score=0': 32, 'timeout': 1}
ale-life-sciences-tms-marrow-cell-type-annot-fe76abb6 Up 11 seconds
summary finished=110 best=best_tasks=98/98 active=active fetch=0
==== observe pollR=29 2026-09-09 17:39:02 ====
=== 2026-09-09T17:39:11+08:00 r2 monitor ===
active
enabled
2026-09-09 17:38:32,831  WARNING  core.telemetry.otel  OpenTelemetry packages not installed: No module named 'opentelemetry.exporter'. Install with: pip install opentelemetry-api opentelemetry-sdk opentelemetry-exporter-otlp-proto-http
2026-09-09 17:38:32,837  WARNING  core.telemetry.otel  OpenTelemetry packages not installed: No module named 'opentelemetry.exporter'. Install with: pip install opentelemetry-api opentelemetry-sdk opentelemetry-exporter-otlp-proto-http
2026-09-09 17:38:32,838  WARNING  core.telemetry.otel  OpenTelemetry packages not installed: No module named 'opentelemetry.exporter'. Install with: pip install opentelemetry-api opentelemetry-sdk opentelemetry-exporter-otlp-proto-http
2026-09-09 17:38:32,843  WARNING  core.telemetry.otel  OpenTelemetry packages not installed: No module named 'opentelemetry.exporter'. Install with: pip install opentelemetry-api opentelemetry-sdk opentelemetry-exporter-otlp-proto-http
2026-09-09 17:38:32,844  WARNING  core.telemetry.otel  OpenTelemetry packages not installed: No module named 'opentelemetry.exporter'. Install with: pip install opentelemetry-api opentelemetry-sdk opentelemetry-exporter-otlp-proto-http
2026-09-09 17:38:32,850  WARNING  core.telemetry.otel  OpenTelemetry packages not installed: No module named 'opentelemetry.exporter'. Install with: pip install opentelemetry-api opentelemetry-sdk opentelemetry-exporter-otlp-proto-http
2026-09-09 17:38:32,850  ERROR    _task_psychology_neuro_celegans_neuron_tracking  [137] missing evaluation paths: ['/media/user/data/agenthle/psychology_neuro/celegans_neuron_tracking/137/output/137.h5']
2026-09-09 17:38:32,852  INFO     computer  Stopping Computer...
2026-09-09 17:38:32,852  INFO     computer  Computer stopped
2026-09-09 17:38:32,853  WARNING  core.telemetry.otel  OpenTelemetry packages not installed: No module named 'opentelemetry.exporter'. Install with: pip install opentelemetry-api opentelemetry-sdk opentelemetry-exporter-otlp-proto-http
2026-09-09 17:38:32,853  INFO     ale_run.environments.providers.docker  Removing container ale-psychology-neuro-celegans-neuron-trackin-cd5c913d
2026-09-09 17:38:33,036  INFO     ale_run.tasks.loader  Loaded task config via load() function
2026-09-09 17:38:33,252  INFO     ale_run.environments.providers.docker  Container ale-social-sciences-atwood-2022-measles-vacc-bf745bfe sizing: machine_type=c4-standard-4 -> cpus=1.5 memory=2g (res=1024x768)
2026-09-09 17:38:33,253  INFO     ale_run.environments.providers.docker  Creating Docker container ale-social-sciences-atwood-2022-measles-vacc-bf745bfe from agentslastexam/ale-ubuntu22-docker:latest
2026-09-09 17:38:40,157  INFO     ale_run.orchestration.runner  [adapters.ale_official.deployer.MetisDeployer/psychology_neuro/celegans_neuron_tracking/v0] done: status=failed score=0.0 duration=115.8s (attempt 2/3)
2026-09-09 17:38:40,157  WARNING  ale_run.orchestration.runner  [adapters.ale_official.deployer.MetisDeployer/psychology_neuro/celegans_neuron_tracking/v0] failed on attempt 2/3; requeued
2026-09-09 17:38:40,157  INFO     ale_run.orchestration.runner  [adapters.ale_official.deployer.MetisDeployer/psychology_neuro/celegans_neuron_tracking/v0] queued (attempt 3/3)
2026-09-09 17:38:40,158  INFO     adapters.ale_official.config  metis: embedded auth.json content (2308 bytes) for sandbox install
2026-09-09 17:38:41,212  INFO     ale_run.environments.providers.docker  Container ale-social-sciences-atwood-2022-measles-vacc-bf745bfe started (id=d19a7427af7e)
2026-09-09 17:38:41,321  INFO     ale_run.environments.providers.docker  Container ale-social-sciences-atwood-2022-measles-vacc-bf745bfe ports: cua=33118 vnc=33119
--- docker ---
ale-social-sciences-atwood-2022-measles-vacc-bf745bfe Up 32 seconds
--- progress ---
best_tasks=98/98 status={'failed': 24, 'completed': 73, 'timeout': 1} done≈74
completed_mean=0.3424 n=73
/dev/mapper/ubuntu--vg-ubuntu--lv  490G  273G  197G  59% /
---
==== 2026-09-09 17:39:36 ====
run.json finished: 127
cats {'pending_or_running': 24, 'completed_score>0': 41, 'completed_score=0': 32, 'timeout': 1}
---
active
active
SOCAT_OK
FETCH=0
parsed finished=86 active=active sing=active socat_ok=1 fetch=0 cats {'pending_or_running': 24, 'completed_score>0': 41, 'completed_score=0': 32, 'timeout': 1}
parsed finished=103 active=active sing=active socat_ok=1 fetch=0 cats {'pending_or_running': 24, 'completed_score>0': 41, 'completed_score=0': 32, 'timeout': 1}
parsed finished=118 active=active sing=active socat_ok=1 fetch=0 cats {'pending_or_running': 24, 'completed_score>0': 41, 'completed_score=0': 32, 'timeout': 1}
ale-social-sciences-atwood-2022-measles-vacc-bf745bfe Up 58 seconds
summary finished=127 best=best_tasks=98/98 active=active fetch=0
==== observe pollR=30 2026-09-09 18:19:38 ====
=== 2026-09-09T18:19:50+08:00 r2 monitor ===
active
enabled
2026-09-09 18:18:16,625  INFO     ale_run.tasks.loader  Loaded task config via load() function
2026-09-09 18:18:16,730  INFO     ale_run.environments.providers.docker  Container ale-physical-sciences-glm-lake-calibration-87f5aa93 sizing: machine_type=c4-standard-4 -> cpus=1.5 memory=2g (res=1024x768)
2026-09-09 18:18:16,730  INFO     ale_run.environments.providers.docker  Creating Docker container ale-physical-sciences-glm-lake-calibration-87f5aa93 from agentslastexam/ale-ubuntu22-docker:latest
2026-09-09 18:18:22,135  INFO     ale_run.orchestration.runner  [adapters.ale_official.deployer.MetisDeployer/physical_sciences/gillespie_gene_regulatory_network/v0] done: status=failed score=0.0 duration=86.7s (attempt 3/3)
2026-09-09 18:18:23,065  INFO     ale_run.environments.providers.docker  Container ale-physical-sciences-glm-lake-calibration-87f5aa93 started (id=73b17e8f987b)
2026-09-09 18:18:23,212  INFO     ale_run.environments.providers.docker  Container ale-physical-sciences-glm-lake-calibration-87f5aa93 ports: cua=33152 vnc=33153
2026-09-09 18:18:47,426  INFO     ale_run.environments.providers.gcloud  CUA server ready at http://localhost:33152
2026-09-09 18:18:47,427  INFO     computer  Logger set to INFO level
2026-09-09 18:18:47,427  INFO     computer  Initializing Computer...
2026-09-09 18:18:47,427  INFO     computer  Logger set to INFO level
2026-09-09 18:18:47,427  INFO     computer.vm  Logger set to INFO level
2026-09-09 18:18:47,428  INFO     computer.interface  Logger set to INFO level
2026-09-09 18:18:47,428  INFO     core.telemetry  Recording event: computer_initialized with properties: {'version': '0.1.8', 'os': 'linux', 'os_version': '6.8.0-138-generic', 'python_version': '3.12.3', 'provider_type': 'lume'}
2026-09-09 18:18:47,428  INFO     core.telemetry  Sent event to PostHog: computer_initialized
2026-09-09 18:18:47,710  INFO     cua.interface  Logger set to INFO level
2026-09-09 18:18:47,711  INFO     computer.interface.linux  Logger set to INFO level
2026-09-09 18:19:05,125  INFO     ale_run.environments.task_data.local_host  local: staged ['input', 'software'] for glm_lake_calibration from task-data/physical_sciences/glm_lake_calibration/base
2026-09-09 18:19:05,129  INFO     ale_run.tasks.loader  Loaded task config via load() function
2026-09-09 18:19:05,130  INFO     ale_run.tasks.driver  Running task setup (attempt 1/4)...
2026-09-09 18:19:05,130  INFO     ale_run.tasks.driver  Task setup completed
--- docker ---
ale-physical-sciences-glm-lake-calibration-87f5aa93 Up About a minute
--- progress ---
best_tasks=98/98 status={'failed': 24, 'completed': 73, 'timeout': 1} done≈74
completed_mean=0.3424 n=73
/dev/mapper/ubuntu--vg-ubuntu--lv  490G  273G  196G  59% /
---
==== 2026-09-09 18:19:51 ====
run.json finished: 144
cats {'pending_or_running': 11, 'env/dependency': 13, 'completed_score>0': 41, 'completed_score=0': 32, 'timeout': 1}
---
active
active
SOCAT_OK
FETCH=0
parsed finished=103 active=active sing=active socat_ok=1 fetch=0 cats {'pending_or_running': 24, 'completed_score>0': 41, 'completed_score=0': 32, 'timeout': 1}
parsed finished=118 active=active sing=active socat_ok=1 fetch=0 cats {'pending_or_running': 24, 'completed_score>0': 41, 'completed_score=0': 32, 'timeout': 1}
parsed finished=140 active=active sing=active socat_ok=1 fetch=0 cats {'pending_or_running': 15, 'env/dependency': 9, 'completed_score>0': 41, 'completed_score=0': 32, 'timeout': 1}
ale-physical-sciences-glm-lake-calibration-87f5aa93 Up About a minute
summary finished=144 best=best_tasks=98/98 active=active fetch=0
==== observe pollR=31 2026-09-09 18:59:52 ====
=== 2026-09-09T18:59:59+08:00 r2 monitor ===
active
enabled
2026-09-09 18:55:28,522  INFO     ale_run.environments.providers.docker  Container ale-physical-sciences-climate-prediction-8427b61b ports: cua=33194 vnc=33195
2026-09-09 18:55:55,729  INFO     ale_run.environments.providers.gcloud  CUA server ready at http://localhost:33194
2026-09-09 18:55:55,730  INFO     computer  Logger set to INFO level
2026-09-09 18:55:55,730  INFO     computer  Initializing Computer...
2026-09-09 18:55:55,730  INFO     computer  Logger set to INFO level
2026-09-09 18:55:55,730  INFO     computer.vm  Logger set to INFO level
2026-09-09 18:55:55,730  INFO     computer.interface  Logger set to INFO level
2026-09-09 18:55:55,731  INFO     core.telemetry  Recording event: computer_initialized with properties: {'version': '0.1.8', 'os': 'linux', 'os_version': '6.8.0-138-generic', 'python_version': '3.12.3', 'provider_type': 'lume'}
2026-09-09 18:55:55,731  INFO     core.telemetry  Sent event to PostHog: computer_initialized
2026-09-09 18:55:55,949  INFO     cua.interface  Logger set to INFO level
2026-09-09 18:55:55,949  INFO     computer.interface.linux  Logger set to INFO level
2026-09-09 18:56:06,674  INFO     ale_run.environments.task_data.local_host  local: staged ['input', 'software'] for climate_prediction from task-data/physical_sciences/climate_prediction/base
2026-09-09 18:56:06,718  INFO     ale_run.tasks.loader  Loaded task config via load() function
2026-09-09 18:56:06,719  INFO     ale_run.tasks.driver  Running task setup (attempt 1/4)...
2026-09-09 18:56:06,719  INFO     ale_run.tasks.driver  Task setup completed
2026-09-09 18:57:01,227  INFO     ale_run.executors.sandbox  sandbox: spawned pid=1423 (deployer=MetisDeployer, work_dir=/home/user/.ale/metis/adapters_ale_official_deployer_metisdeployer__gpt-5-6-luna__physical_sciences__climate_prediction__v0__20260909_103841)
2026-09-09 18:57:07,760  INFO     ale_run.environments.task_data.local_host  local: staged reference task-data/physical_sciences/climate_prediction/base/reference -> ale-physical-sciences-climate-prediction-8427b61b:/media/user/data/agenthle/physical_sciences/climate_prediction/base/reference
2026-09-09 18:57:09,736  WARNING  core.telemetry.otel  OpenTelemetry packages not installed: No module named 'opentelemetry.exporter'. Install with: pip install opentelemetry-api opentelemetry-sdk opentelemetry-exporter-otlp-proto-http
2026-09-09 18:57:09,811  WARNING  core.telemetry.otel  OpenTelemetry packages not installed: No module named 'opentelemetry.exporter'. Install with: pip install opentelemetry-api opentelemetry-sdk opentelemetry-exporter-otlp-proto-http
2026-09-09 18:57:09,824  WARNING  core.telemetry.otel  OpenTelemetry packages not installed: No module named 'opentelemetry.exporter'. Install with: pip install opentelemetry-api opentelemetry-sdk opentelemetry-exporter-otlp-proto-http
--- docker ---
ale-physical-sciences-climate-prediction-8427b61b Up 4 minutes
--- progress ---
best_tasks=98/98 status={'failed': 24, 'completed': 73, 'timeout': 1} done≈74
completed_mean=0.3424 n=73
/dev/mapper/ubuntu--vg-ubuntu--lv  490G  274G  196G  59% /
---
==== 2026-09-09 19:00:05 ====
run.json finished: 164
cats {'pending_or_running': 24, 'completed_score>0': 41, 'completed_score=0': 32, 'timeout': 1}
---
active
active
SOCAT_OK
FETCH=0
parsed finished=118 active=active sing=active socat_ok=1 fetch=0 cats {'pending_or_running': 24, 'completed_score>0': 41, 'completed_score=0': 32, 'timeout': 1}
parsed finished=140 active=active sing=active socat_ok=1 fetch=0 cats {'pending_or_running': 15, 'env/dependency': 9, 'completed_score>0': 41, 'completed_score=0': 32, 'timeout': 1}
parsed finished=159 active=active sing=active socat_ok=1 fetch=0 cats {'pending_or_running': 24, 'completed_score>0': 41, 'completed_score=0': 32, 'timeout': 1}
ale-physical-sciences-climate-prediction-8427b61b Up 4 minutes
summary finished=164 best=best_tasks=98/98 active=active fetch=0
==== observe pollR=32 2026-09-09 19:40:07 ====
=== 2026-09-09T19:40:13+08:00 r2 monitor ===
active
enabled
2026-09-09 19:38:59,527  INFO     ale_run.orchestration.runner  [adapters.ale_official.deployer.MetisDeployer/life_sciences/yeast_colony_detection/v0] done: status=failed score=0.0 duration=91.0s (attempt 2/3)
2026-09-09 19:38:59,528  WARNING  ale_run.orchestration.runner  [adapters.ale_official.deployer.MetisDeployer/life_sciences/yeast_colony_detection/v0] failed on attempt 2/3; requeued
2026-09-09 19:38:59,528  INFO     ale_run.orchestration.runner  [adapters.ale_official.deployer.MetisDeployer/life_sciences/yeast_colony_detection/v0] queued (attempt 3/3)
2026-09-09 19:38:59,528  INFO     adapters.ale_official.config  metis: embedded auth.json content (2308 bytes) for sandbox install
2026-09-09 19:39:00,741  INFO     ale_run.environments.providers.docker  Container ale-life-sciences-zdock-hiv-dimer-interface--3fe12f3c started (id=9be03f7fe7f0)
2026-09-09 19:39:00,865  INFO     ale_run.environments.providers.docker  Container ale-life-sciences-zdock-hiv-dimer-interface--3fe12f3c ports: cua=33240 vnc=33241
2026-09-09 19:39:22,071  INFO     ale_run.environments.providers.gcloud  CUA server ready at http://localhost:33240
2026-09-09 19:39:22,072  INFO     computer  Logger set to INFO level
2026-09-09 19:39:22,072  INFO     computer  Initializing Computer...
2026-09-09 19:39:22,072  INFO     computer  Logger set to INFO level
2026-09-09 19:39:22,072  INFO     computer.vm  Logger set to INFO level
2026-09-09 19:39:22,072  INFO     computer.interface  Logger set to INFO level
2026-09-09 19:39:22,072  INFO     core.telemetry  Recording event: computer_initialized with properties: {'version': '0.1.8', 'os': 'linux', 'os_version': '6.8.0-138-generic', 'python_version': '3.12.3', 'provider_type': 'lume'}
2026-09-09 19:39:22,073  INFO     core.telemetry  Sent event to PostHog: computer_initialized
2026-09-09 19:39:22,320  INFO     cua.interface  Logger set to INFO level
2026-09-09 19:39:22,320  INFO     computer.interface.linux  Logger set to INFO level
2026-09-09 19:39:22,873  INFO     ale_run.environments.task_data.local_host  local: staged ['input'] for zdock_hiv_dimer_interface_scoring_v1 from task-data/life_sciences/zdock_hiv_dimer_interface_scoring_v1/base
2026-09-09 19:39:22,879  INFO     ale_run.tasks.loader  Loaded task config via load() function
2026-09-09 19:39:22,880  INFO     ale_run.tasks.driver  Running task setup (attempt 1/4)...
2026-09-09 19:39:22,880  INFO     ale_run.tasks.driver  Task setup completed
--- docker ---
ale-life-sciences-zdock-hiv-dimer-interface--3fe12f3c Up About a minute
--- progress ---
best_tasks=98/98 status={'failed': 24, 'completed': 73, 'timeout': 1} done≈74
completed_mean=0.3424 n=73
/dev/mapper/ubuntu--vg-ubuntu--lv  490G  273G  197G  59% /
---
==== 2026-09-09 19:40:38 ====
run.json finished: 186
cats {'pending_or_running': 24, 'completed_score>0': 41, 'completed_score=0': 32, 'timeout': 1}
---
active
active
SOCAT_OK
FETCH=0
parsed finished=140 active=active sing=active socat_ok=1 fetch=0 cats {'pending_or_running': 15, 'env/dependency': 9, 'completed_score>0': 41, 'completed_score=0': 32, 'timeout': 1}
parsed finished=159 active=active sing=active socat_ok=1 fetch=0 cats {'pending_or_running': 24, 'completed_score>0': 41, 'completed_score=0': 32, 'timeout': 1}
parsed finished=178 active=active sing=active socat_ok=1 fetch=0 cats {'pending_or_running': 24, 'completed_score>0': 41, 'completed_score=0': 32, 'timeout': 1}
ale-other-aerobics-wc2026-portugal-trio-diff-fdfaae63 Up 7 seconds
summary finished=186 best=best_tasks=98/98 active=active fetch=0
==== observe pollR=33 2026-09-09 20:20:40 ====
=== 2026-09-09T20:20:57+08:00 r2 monitor ===
active
enabled
2026-09-09 20:20:56,957  WARNING  core.telemetry.otel  OpenTelemetry packages not installed: No module named 'opentelemetry.exporter'. Install with: pip install opentelemetry-api opentelemetry-sdk opentelemetry-exporter-otlp-proto-http
2026-09-09 20:20:56,967  WARNING  core.telemetry.otel  OpenTelemetry packages not installed: No module named 'opentelemetry.exporter'. Install with: pip install opentelemetry-api opentelemetry-sdk opentelemetry-exporter-otlp-proto-http
2026-09-09 20:20:56,968  WARNING  core.telemetry.otel  OpenTelemetry packages not installed: No module named 'opentelemetry.exporter'. Install with: pip install opentelemetry-api opentelemetry-sdk opentelemetry-exporter-otlp-proto-http
2026-09-09 20:20:56,976  WARNING  core.telemetry.otel  OpenTelemetry packages not installed: No module named 'opentelemetry.exporter'. Install with: pip install opentelemetry-api opentelemetry-sdk opentelemetry-exporter-otlp-proto-http
2026-09-09 20:20:56,976  WARNING  core.telemetry.otel  OpenTelemetry packages not installed: No module named 'opentelemetry.exporter'. Install with: pip install opentelemetry-api opentelemetry-sdk opentelemetry-exporter-otlp-proto-http
2026-09-09 20:20:56,982  WARNING  core.telemetry.otel  OpenTelemetry packages not installed: No module named 'opentelemetry.exporter'. Install with: pip install opentelemetry-api opentelemetry-sdk opentelemetry-exporter-otlp-proto-http
2026-09-09 20:20:56,982  WARNING  core.telemetry.otel  OpenTelemetry packages not installed: No module named 'opentelemetry.exporter'. Install with: pip install opentelemetry-api opentelemetry-sdk opentelemetry-exporter-otlp-proto-http
2026-09-09 20:20:56,988  WARNING  core.telemetry.otel  OpenTelemetry packages not installed: No module named 'opentelemetry.exporter'. Install with: pip install opentelemetry-api opentelemetry-sdk opentelemetry-exporter-otlp-proto-http
2026-09-09 20:20:56,989  WARNING  core.telemetry.otel  OpenTelemetry packages not installed: No module named 'opentelemetry.exporter'. Install with: pip install opentelemetry-api opentelemetry-sdk opentelemetry-exporter-otlp-proto-http
2026-09-09 20:20:56,995  WARNING  core.telemetry.otel  OpenTelemetry packages not installed: No module named 'opentelemetry.exporter'. Install with: pip install opentelemetry-api opentelemetry-sdk opentelemetry-exporter-otlp-proto-http
2026-09-09 20:20:56,996  WARNING  core.telemetry.otel  OpenTelemetry packages not installed: No module named 'opentelemetry.exporter'. Install with: pip install opentelemetry-api opentelemetry-sdk opentelemetry-exporter-otlp-proto-http
2026-09-09 20:20:57,150  WARNING  core.telemetry.otel  OpenTelemetry packages not installed: No module named 'opentelemetry.exporter'. Install with: pip install opentelemetry-api opentelemetry-sdk opentelemetry-exporter-otlp-proto-http
2026-09-09 20:20:57,166  WARNING  core.telemetry.otel  OpenTelemetry packages not installed: No module named 'opentelemetry.exporter'. Install with: pip install opentelemetry-api opentelemetry-sdk opentelemetry-exporter-otlp-proto-http
2026-09-09 20:20:57,328  WARNING  core.telemetry.otel  OpenTelemetry packages not installed: No module named 'opentelemetry.exporter'. Install with: pip install opentelemetry-api opentelemetry-sdk opentelemetry-exporter-otlp-proto-http
2026-09-09 20:20:57,329  WARNING  core.telemetry.otel  OpenTelemetry packages not installed: No module named 'opentelemetry.exporter'. Install with: pip install opentelemetry-api opentelemetry-sdk opentelemetry-exporter-otlp-proto-http
2026-09-09 20:20:57,394  WARNING  core.telemetry.otel  OpenTelemetry packages not installed: No module named 'opentelemetry.exporter'. Install with: pip install opentelemetry-api opentelemetry-sdk opentelemetry-exporter-otlp-proto-http
2026-09-09 20:20:57,427  WARNING  core.telemetry.otel  OpenTelemetry packages not installed: No module named 'opentelemetry.exporter'. Install with: pip install opentelemetry-api opentelemetry-sdk opentelemetry-exporter-otlp-proto-http
2026-09-09 20:20:57,507  WARNING  core.telemetry.otel  OpenTelemetry packages not installed: No module named 'opentelemetry.exporter'. Install with: pip install opentelemetry-api opentelemetry-sdk opentelemetry-exporter-otlp-proto-http
2026-09-09 20:20:57,508  WARNING  core.telemetry.otel  OpenTelemetry packages not installed: No module named 'opentelemetry.exporter'. Install with: pip install opentelemetry-api opentelemetry-sdk opentelemetry-exporter-otlp-proto-http
2026-09-09 20:20:57,581  WARNING  core.telemetry.otel  OpenTelemetry packages not installed: No module named 'opentelemetry.exporter'. Install with: pip install opentelemetry-api opentelemetry-sdk opentelemetry-exporter-otlp-proto-http
--- docker ---
ale-engineering-sumo-urban-am-peak-calibrati-2cb3de53 Up About a minute
--- progress ---
best_tasks=98/98 status={'failed': 24, 'completed': 73, 'timeout': 1} done≈74
completed_mean=0.3424 n=73
/dev/mapper/ubuntu--vg-ubuntu--lv  490G  274G  196G  59% /
---
==== 2026-09-09 20:20:58 ====
run.json finished: 204
cats {'pending_or_running': 23, 'env/dependency': 1, 'completed_score>0': 41, 'completed_score=0': 32, 'timeout': 1}
---
active
active
SOCAT_OK
FETCH=0
parsed finished=159 active=active sing=active socat_ok=1 fetch=0 cats {'pending_or_running': 24, 'completed_score>0': 41, 'completed_score=0': 32, 'timeout': 1}
parsed finished=178 active=active sing=active socat_ok=1 fetch=0 cats {'pending_or_running': 24, 'completed_score>0': 41, 'completed_score=0': 32, 'timeout': 1}
parsed finished=196 active=active sing=active socat_ok=1 fetch=0 cats {'pending_or_running': 24, 'completed_score>0': 41, 'completed_score=0': 32, 'timeout': 1}
ale-engineering-sumo-urban-am-peak-calibrati-2cb3de53 Up About a minute
summary finished=204 best=best_tasks=98/98 active=active fetch=0
==== observe pollR=34 2026-09-09 21:01:00 ====
=== 2026-09-09T21:01:04+08:00 r2 monitor ===
active
enabled
2026-09-09 20:59:36,567  INFO     ale_run.environments.providers.docker  Container ale-physical-sciences-phonon-dispersion-ther-2fae8920 sizing: machine_type=c4-standard-4 -> cpus=1.5 memory=2g (res=1024x768)
2026-09-09 20:59:36,567  INFO     ale_run.environments.providers.docker  Creating Docker container ale-physical-sciences-phonon-dispersion-ther-2fae8920 from agentslastexam/ale-ubuntu22-docker:latest
2026-09-09 20:59:41,467  INFO     ale_run.orchestration.runner  [adapters.ale_official.deployer.MetisDeployer/physical_sciences/mose2_bse_absorption_soc/v0] done: status=failed score=None duration=36.8s (attempt 3/3)
2026-09-09 20:59:42,201  INFO     ale_run.environments.providers.docker  Container ale-physical-sciences-phonon-dispersion-ther-2fae8920 started (id=f751ec0608e2)
2026-09-09 20:59:42,366  INFO     ale_run.environments.providers.docker  Container ale-physical-sciences-phonon-dispersion-ther-2fae8920 ports: cua=33316 vnc=33317
2026-09-09 21:00:09,560  INFO     ale_run.environments.providers.gcloud  CUA server ready at http://localhost:33316
2026-09-09 21:00:09,561  INFO     computer  Logger set to INFO level
2026-09-09 21:00:09,561  INFO     computer  Initializing Computer...
2026-09-09 21:00:09,561  INFO     computer  Logger set to INFO level
2026-09-09 21:00:09,561  INFO     computer.vm  Logger set to INFO level
2026-09-09 21:00:09,562  INFO     computer.interface  Logger set to INFO level
2026-09-09 21:00:09,562  INFO     core.telemetry  Recording event: computer_initialized with properties: {'version': '0.1.8', 'os': 'linux', 'os_version': '6.8.0-138-generic', 'python_version': '3.12.3', 'provider_type': 'lume'}
2026-09-09 21:00:09,562  INFO     core.telemetry  Sent event to PostHog: computer_initialized
2026-09-09 21:00:09,837  INFO     cua.interface  Logger set to INFO level
2026-09-09 21:00:09,837  INFO     computer.interface.linux  Logger set to INFO level
2026-09-09 21:00:10,366  INFO     ale_run.environments.task_data.local_host  local: staged ['input', 'software'] for phonon_dispersion_thermodynamics from task-data/physical_sciences/phonon_dispersion_thermodynamics/base
2026-09-09 21:00:10,371  INFO     ale_run.tasks.loader  Loaded task config via load() function
2026-09-09 21:00:10,372  INFO     ale_run.tasks.driver  Running task setup (attempt 1/4)...
2026-09-09 21:00:10,372  INFO     ale_run.tasks.driver  Task setup completed
2026-09-09 21:01:04,277  INFO     ale_run.executors.sandbox  sandbox: spawned pid=1424 (deployer=MetisDeployer, work_dir=/home/user/.ale/metis/adapters_ale_official_deployer_metisdeployer__gpt-5-6-luna__physical_sciences__phonon_dispersion_thermodynamics__v0__20260909_120818)
--- docker ---
ale-physical-sciences-phonon-dispersion-ther-2fae8920 Up About a minute
--- progress ---
best_tasks=98/98 status={'failed': 24, 'completed': 73, 'timeout': 1} done≈74
completed_mean=0.3424 n=73
/dev/mapper/ubuntu--vg-ubuntu--lv  490G  273G  197G  59% /
---
==== 2026-09-09 21:01:05 ====
run.json finished: 220
cats {'pending_or_running': 7, 'env/dependency': 16, 'completed_score>0': 41, 'completed_score=0': 32, 'timeout': 2}
---
active
active
SOCAT_OK
FETCH=0
parsed finished=178 active=active sing=active socat_ok=1 fetch=0 cats {'pending_or_running': 24, 'completed_score>0': 41, 'completed_score=0': 32, 'timeout': 1}
parsed finished=196 active=active sing=active socat_ok=1 fetch=0 cats {'pending_or_running': 24, 'completed_score>0': 41, 'completed_score=0': 32, 'timeout': 1}
parsed finished=213 active=active sing=active socat_ok=1 fetch=0 cats {'pending_or_running': 14, 'env/dependency': 10, 'completed_score>0': 41, 'completed_score=0': 32, 'timeout': 1}
ale-physical-sciences-phonon-dispersion-ther-2fae8920 Up About a minute
summary finished=220 best=best_tasks=98/98 active=active fetch=0
==== observe pollR=35 2026-09-09 21:48:37 ====
=== 2026-09-09T21:48:42+08:00 r2 monitor ===
active
enabled
2026-09-09 21:47:07,418  INFO     ale_run.orchestration.runner  [adapters.ale_official.deployer.MetisDeployer/physical_sciences/glm_lake_calibration/v0] done: status=failed score=0.0 duration=110.5s (attempt 1/3)
2026-09-09 21:47:07,418  WARNING  ale_run.orchestration.runner  [adapters.ale_official.deployer.MetisDeployer/physical_sciences/glm_lake_calibration/v0] failed on attempt 1/3; requeued
2026-09-09 21:47:07,418  INFO     ale_run.orchestration.runner  [adapters.ale_official.deployer.MetisDeployer/physical_sciences/glm_lake_calibration/v0] queued (attempt 2/3)
2026-09-09 21:47:07,418  INFO     adapters.ale_official.config  metis: embedded auth.json content (2308 bytes) for sandbox install
2026-09-09 21:47:07,919  INFO     ale_run.environments.providers.docker  Container ale-physical-sciences-hst-acs-wfc-visit-redu-08cea65d started (id=f0c8b4b315f3)
2026-09-09 21:47:08,039  INFO     ale_run.environments.providers.docker  Container ale-physical-sciences-hst-acs-wfc-visit-redu-08cea65d ports: cua=33363 vnc=33364
2026-09-09 21:48:08,314  INFO     ale_run.environments.providers.gcloud  CUA server ready at http://localhost:33363
2026-09-09 21:48:08,315  INFO     computer  Logger set to INFO level
2026-09-09 21:48:08,315  INFO     computer  Initializing Computer...
2026-09-09 21:48:08,315  INFO     computer  Logger set to INFO level
2026-09-09 21:48:08,315  INFO     computer.vm  Logger set to INFO level
2026-09-09 21:48:08,315  INFO     computer.interface  Logger set to INFO level
2026-09-09 21:48:08,316  INFO     core.telemetry  Recording event: computer_initialized with properties: {'version': '0.1.8', 'os': 'linux', 'os_version': '6.8.0-138-generic', 'python_version': '3.12.3', 'provider_type': 'lume'}
2026-09-09 21:48:08,316  INFO     core.telemetry  Sent event to PostHog: computer_initialized
2026-09-09 21:48:08,556  INFO     cua.interface  Logger set to INFO level
2026-09-09 21:48:08,556  INFO     computer.interface.linux  Logger set to INFO level
2026-09-09 21:48:09,252  INFO     ale_run.environments.task_data.local_host  local: staged ['input', 'software'] for hst_acs_wfc_visit_reduction from task-data/physical_sciences/hst_acs_wfc_visit_reduction/base
2026-09-09 21:48:09,272  INFO     ale_run.tasks.loader  Loaded task config via load() function
2026-09-09 21:48:09,273  INFO     ale_run.tasks.driver  Running task setup (attempt 1/4)...
2026-09-09 21:48:09,273  INFO     ale_run.tasks.driver  Task setup completed
--- docker ---
ale-physical-sciences-hst-acs-wfc-visit-redu-08cea65d Up About a minute
--- progress ---
best_tasks=98/98 status={'failed': 24, 'completed': 73, 'timeout': 1} done≈74
completed_mean=0.3424 n=73
/dev/mapper/ubuntu--vg-ubuntu--lv  490G  273G  197G  59% /
---
==== 2026-09-09 21:49:01 ====
run.json finished: 241
cats {'pending_or_running': 24, 'completed_score>0': 41, 'completed_score=0': 32, 'timeout': 1}
---
active
active
SOCAT_OK
FETCH=0
parsed finished=196 active=active sing=active socat_ok=1 fetch=0 cats {'pending_or_running': 24, 'completed_score>0': 41, 'completed_score=0': 32, 'timeout': 1}
parsed finished=213 active=active sing=active socat_ok=1 fetch=0 cats {'pending_or_running': 14, 'env/dependency': 10, 'completed_score>0': 41, 'completed_score=0': 32, 'timeout': 1}
parsed finished=235 active=active sing=active socat_ok=1 fetch=0 cats {'pending_or_running': 24, 'completed_score>0': 41, 'completed_score=0': 32, 'timeout': 1}
ale-physical-sciences-hst-acs-wfc-visit-redu-08cea65d Up About a minute
summary finished=241 best=best_tasks=98/98 active=active fetch=0
==== observe pollR=36 2026-09-09 22:29:03 ====
=== 2026-09-09T22:29:08+08:00 r2 monitor ===
active
enabled
2026-09-09 22:19:01,619  INFO     computer  Initializing Computer...
2026-09-09 22:19:01,619  INFO     computer  Logger set to INFO level
2026-09-09 22:19:01,620  INFO     computer.vm  Logger set to INFO level
2026-09-09 22:19:01,620  INFO     computer.interface  Logger set to INFO level
2026-09-09 22:19:01,620  INFO     core.telemetry  Recording event: computer_initialized with properties: {'version': '0.1.8', 'os': 'linux', 'os_version': '6.8.0-138-generic', 'python_version': '3.12.3', 'provider_type': 'lume'}
2026-09-09 22:19:01,621  INFO     core.telemetry  Sent event to PostHog: computer_initialized
2026-09-09 22:19:01,824  INFO     cua.interface  Logger set to INFO level
2026-09-09 22:19:01,824  INFO     computer.interface.linux  Logger set to INFO level
2026-09-09 22:19:06,999  INFO     ale_run.environments.task_data.local_host  local: staged ['input', 'software'] for climate_prediction from task-data/physical_sciences/climate_prediction/base
2026-09-09 22:19:07,003  INFO     ale_run.tasks.loader  Loaded task config via load() function
2026-09-09 22:19:07,004  INFO     ale_run.tasks.driver  Running task setup (attempt 1/4)...
2026-09-09 22:19:07,004  INFO     ale_run.tasks.driver  Task setup completed
2026-09-09 22:20:05,629  INFO     ale_run.executors.sandbox  sandbox: spawned pid=1423 (deployer=MetisDeployer, work_dir=/home/user/.ale/metis/adapters_ale_official_deployer_metisdeployer__gpt-5-6-luna__physical_sciences__climate_prediction__v0__20260909_133954)
2026-09-09 22:20:12,532  INFO     ale_run.environments.task_data.local_host  local: staged reference task-data/physical_sciences/climate_prediction/base/reference -> ale-physical-sciences-climate-prediction-3f056e40:/media/user/data/agenthle/physical_sciences/climate_prediction/base/reference
2026-09-09 22:20:13,747  WARNING  core.telemetry.otel  OpenTelemetry packages not installed: No module named 'opentelemetry.exporter'. Install with: pip install opentelemetry-api opentelemetry-sdk opentelemetry-exporter-otlp-proto-http
2026-09-09 22:20:13,822  WARNING  core.telemetry.otel  OpenTelemetry packages not installed: No module named 'opentelemetry.exporter'. Install with: pip install opentelemetry-api opentelemetry-sdk opentelemetry-exporter-otlp-proto-http
2026-09-09 22:20:13,835  WARNING  core.telemetry.otel  OpenTelemetry packages not installed: No module named 'opentelemetry.exporter'. Install with: pip install opentelemetry-api opentelemetry-sdk opentelemetry-exporter-otlp-proto-http
2026-09-09 22:25:14,189  WARNING  computer.interface.linux  REST API failed for command 'run_command', trying WebSocket fallback
2026-09-09 22:25:14,197  INFO     computer.interface.linux  Attempting WebSocket connection to ws://localhost:33406/ws
2026-09-09 22:25:14,224  INFO     computer.interface.linux  WebSocket connection established
--- docker ---
ale-physical-sciences-climate-prediction-3f056e40 Up 10 minutes
--- progress ---
best_tasks=98/98 status={'failed': 24, 'completed': 73, 'timeout': 1} done≈74
completed_mean=0.3424 n=73
/dev/mapper/ubuntu--vg-ubuntu--lv  490G  274G  196G  59% /
---
==== 2026-09-09 22:29:11 ====
run.json finished: 260
cats {'pending_or_running': 24, 'completed_score>0': 41, 'completed_score=0': 32, 'timeout': 1}
---
active
active
SOCAT_OK
FETCH=0
parsed finished=213 active=active sing=active socat_ok=1 fetch=0 cats {'pending_or_running': 14, 'env/dependency': 10, 'completed_score>0': 41, 'completed_score=0': 32, 'timeout': 1}
parsed finished=235 active=active sing=active socat_ok=1 fetch=0 cats {'pending_or_running': 24, 'completed_score>0': 41, 'completed_score=0': 32, 'timeout': 1}
parsed finished=254 active=active sing=active socat_ok=1 fetch=0 cats {'pending_or_running': 24, 'completed_score>0': 41, 'completed_score=0': 32, 'timeout': 1}
ale-physical-sciences-climate-prediction-3f056e40 Up 10 minutes
summary finished=260 best=best_tasks=98/98 active=active fetch=0
==== observe pollR=37 2026-09-09 23:09:12 ====
=== 2026-09-09T23:09:15+08:00 r2 monitor ===
active
enabled
2026-09-09 23:08:48,609  INFO     ale_run.orchestration.runner  [adapters.ale_official.deployer.MetisDeployer/physical_sciences/exact_diag_heisenberg_j1j2/v0] done: status=failed score=0.0 duration=93.4s (attempt 2/3)
2026-09-09 23:08:48,609  WARNING  ale_run.orchestration.runner  [adapters.ale_official.deployer.MetisDeployer/physical_sciences/exact_diag_heisenberg_j1j2/v0] failed on attempt 2/3; requeued
2026-09-09 23:08:48,610  INFO     ale_run.orchestration.runner  [adapters.ale_official.deployer.MetisDeployer/physical_sciences/exact_diag_heisenberg_j1j2/v0] queued (attempt 3/3)
2026-09-09 23:08:48,610  INFO     adapters.ale_official.config  metis: embedded auth.json content (2308 bytes) for sandbox install
2026-09-09 23:08:49,747  INFO     ale_run.environments.providers.docker  Container ale-physical-sciences-gillespie-gene-regulat-613ecbd7 started (id=acdb61b90627)
2026-09-09 23:08:49,922  INFO     ale_run.environments.providers.docker  Container ale-physical-sciences-gillespie-gene-regulat-613ecbd7 ports: cua=33412 vnc=33413
2026-09-09 23:09:14,120  INFO     ale_run.environments.providers.gcloud  CUA server ready at http://localhost:33412
2026-09-09 23:09:14,121  INFO     computer  Logger set to INFO level
2026-09-09 23:09:14,122  INFO     computer  Initializing Computer...
2026-09-09 23:09:14,122  INFO     computer  Logger set to INFO level
2026-09-09 23:09:14,122  INFO     computer.vm  Logger set to INFO level
2026-09-09 23:09:14,122  INFO     computer.interface  Logger set to INFO level
2026-09-09 23:09:14,122  INFO     core.telemetry  Recording event: computer_initialized with properties: {'version': '0.1.8', 'os': 'linux', 'os_version': '6.8.0-138-generic', 'python_version': '3.12.3', 'provider_type': 'lume'}
2026-09-09 23:09:14,123  INFO     core.telemetry  Sent event to PostHog: computer_initialized
2026-09-09 23:09:14,457  INFO     cua.interface  Logger set to INFO level
2026-09-09 23:09:14,457  INFO     computer.interface.linux  Logger set to INFO level
2026-09-09 23:09:15,056  INFO     ale_run.environments.task_data.local_host  local: staged ['input'] for gillespie_gene_regulatory_network from task-data/physical_sciences/gillespie_gene_regulatory_network/base
2026-09-09 23:09:15,061  INFO     ale_run.tasks.loader  Loaded task config via load() function
2026-09-09 23:09:15,062  INFO     ale_run.tasks.driver  Running task setup (attempt 1/4)...
2026-09-09 23:09:15,062  INFO     ale_run.tasks.driver  Task setup completed
--- docker ---
ale-physical-sciences-gillespie-gene-regulat-613ecbd7 Up 27 seconds
--- progress ---
best_tasks=98/98 status={'failed': 24, 'completed': 73, 'timeout': 1} done≈74
completed_mean=0.3424 n=73
/dev/mapper/ubuntu--vg-ubuntu--lv  490G  273G  197G  59% /
---
==== 2026-09-09 23:09:16 ====
run.json finished: 263
cats {'pending_or_running': 24, 'completed_score>0': 41, 'completed_score=0': 32, 'timeout': 1}
---
active
active
SOCAT_OK
FETCH=0
parsed finished=235 active=active sing=active socat_ok=1 fetch=0 cats {'pending_or_running': 24, 'completed_score>0': 41, 'completed_score=0': 32, 'timeout': 1}
parsed finished=254 active=active sing=active socat_ok=1 fetch=0 cats {'pending_or_running': 24, 'completed_score>0': 41, 'completed_score=0': 32, 'timeout': 1}
parsed finished=260 active=active sing=active socat_ok=1 fetch=0 cats {'pending_or_running': 24, 'completed_score>0': 41, 'completed_score=0': 32, 'timeout': 1}
ale-physical-sciences-gillespie-gene-regulat-613ecbd7 Up 29 seconds
summary finished=263 best=best_tasks=98/98 active=active fetch=0
==== observe pollR=38 2026-09-09 23:49:58 ====
=== 2026-09-09T23:50:01+08:00 r2 monitor ===
active
enabled
2026-09-09 23:43:47,031  INFO     ale_run.environments.providers.docker  Container ale-physical-sciences-climate-prediction-9443dcba ports: cua=33457 vnc=33458
2026-09-09 23:44:14,230  INFO     ale_run.environments.providers.gcloud  CUA server ready at http://localhost:33457
2026-09-09 23:44:14,230  INFO     computer  Logger set to INFO level
2026-09-09 23:44:14,230  INFO     computer  Initializing Computer...
2026-09-09 23:44:14,230  INFO     computer  Logger set to INFO level
2026-09-09 23:44:14,231  INFO     computer.vm  Logger set to INFO level
2026-09-09 23:44:14,231  INFO     computer.interface  Logger set to INFO level
2026-09-09 23:44:14,231  INFO     core.telemetry  Recording event: computer_initialized with properties: {'version': '0.1.8', 'os': 'linux', 'os_version': '6.8.0-138-generic', 'python_version': '3.12.3', 'provider_type': 'lume'}
2026-09-09 23:44:14,231  INFO     core.telemetry  Sent event to PostHog: computer_initialized
2026-09-09 23:44:14,507  INFO     cua.interface  Logger set to INFO level
2026-09-09 23:44:14,507  INFO     computer.interface.linux  Logger set to INFO level
2026-09-09 23:44:19,848  INFO     ale_run.environments.task_data.local_host  local: staged ['input', 'software'] for climate_prediction from task-data/physical_sciences/climate_prediction/base
2026-09-09 23:44:19,853  INFO     ale_run.tasks.loader  Loaded task config via load() function
2026-09-09 23:44:19,853  INFO     ale_run.tasks.driver  Running task setup (attempt 1/4)...
2026-09-09 23:44:19,854  INFO     ale_run.tasks.driver  Task setup completed
2026-09-09 23:45:20,642  INFO     ale_run.executors.sandbox  sandbox: spawned pid=1425 (deployer=MetisDeployer, work_dir=/home/user/.ale/metis/adapters_ale_official_deployer_metisdeployer__gpt-5-6-luna__physical_sciences__climate_prediction__v0__20260909_150508)
2026-09-09 23:45:27,619  INFO     ale_run.environments.task_data.local_host  local: staged reference task-data/physical_sciences/climate_prediction/base/reference -> ale-physical-sciences-climate-prediction-9443dcba:/media/user/data/agenthle/physical_sciences/climate_prediction/base/reference
2026-09-09 23:45:28,740  WARNING  core.telemetry.otel  OpenTelemetry packages not installed: No module named 'opentelemetry.exporter'. Install with: pip install opentelemetry-api opentelemetry-sdk opentelemetry-exporter-otlp-proto-http
2026-09-09 23:45:28,812  WARNING  core.telemetry.otel  OpenTelemetry packages not installed: No module named 'opentelemetry.exporter'. Install with: pip install opentelemetry-api opentelemetry-sdk opentelemetry-exporter-otlp-proto-http
2026-09-09 23:45:28,824  WARNING  core.telemetry.otel  OpenTelemetry packages not installed: No module named 'opentelemetry.exporter'. Install with: pip install opentelemetry-api opentelemetry-sdk opentelemetry-exporter-otlp-proto-http
--- docker ---
ale-physical-sciences-climate-prediction-9443dcba Up 6 minutes
--- progress ---
best_tasks=98/98 status={'failed': 24, 'completed': 73, 'timeout': 1} done≈74
completed_mean=0.3424 n=73
/dev/mapper/ubuntu--vg-ubuntu--lv  490G  274G  195G  59% /
---
==== 2026-09-09 23:50:05 ====
run.json finished: 284
cats {'pending_or_running': 15, 'env/dependency': 9, 'completed_score>0': 41, 'completed_score=0': 32, 'timeout': 1}
---
active
active
SOCAT_OK
FETCH=0
parsed finished=254 active=active sing=active socat_ok=1 fetch=0 cats {'pending_or_running': 24, 'completed_score>0': 41, 'completed_score=0': 32, 'timeout': 1}
parsed finished=260 active=active sing=active socat_ok=1 fetch=0 cats {'pending_or_running': 24, 'completed_score>0': 41, 'completed_score=0': 32, 'timeout': 1}
parsed finished=276 active=active sing=active socat_ok=1 fetch=0 cats {'pending_or_running': 23, 'env/dependency': 1, 'completed_score>0': 41, 'completed_score=0': 32, 'timeout': 1}
ale-physical-sciences-climate-prediction-9443dcba Up 6 minutes
summary finished=284 best=best_tasks=98/98 active=active fetch=0
==== observe pollR=39 2026-09-10 00:30:07 ====
=== 2026-09-10T00:30:10+08:00 r2 monitor ===
active
enabled
2026-09-10 00:29:30,413  INFO     ale_run.environments.providers.docker  Removing container ale-life-sciences-tcga-brca-deg-analysis-a4ea836c
2026-09-10 00:29:30,530  INFO     ale_run.tasks.loader  Loaded task config via load() function
2026-09-10 00:29:30,650  INFO     ale_run.environments.providers.docker  Container ale-life-sciences-tms-marrow-cell-type-annot-4c54bfb4 sizing: machine_type=c4-standard-4 -> cpus=1.5 memory=2g (res=1024x768)
2026-09-10 00:29:30,650  INFO     ale_run.environments.providers.docker  Creating Docker container ale-life-sciences-tms-marrow-cell-type-annot-4c54bfb4 from agentslastexam/ale-ubuntu22-docker:latest
2026-09-10 00:29:36,133  INFO     ale_run.orchestration.runner  [adapters.ale_official.deployer.MetisDeployer/life_sciences/tcga_brca_deg_analysis/v0] done: status=failed score=0.0 duration=133.1s (attempt 1/3)
2026-09-10 00:29:36,134  WARNING  ale_run.orchestration.runner  [adapters.ale_official.deployer.MetisDeployer/life_sciences/tcga_brca_deg_analysis/v0] failed on attempt 1/3; requeued
2026-09-10 00:29:36,134  INFO     ale_run.orchestration.runner  [adapters.ale_official.deployer.MetisDeployer/life_sciences/tcga_brca_deg_analysis/v0] queued (attempt 2/3)
2026-09-10 00:29:36,134  INFO     adapters.ale_official.config  metis: embedded auth.json content (2308 bytes) for sandbox install
2026-09-10 00:29:37,135  INFO     ale_run.environments.providers.docker  Container ale-life-sciences-tms-marrow-cell-type-annot-4c54bfb4 started (id=22fd8b5fe570)
2026-09-10 00:29:37,242  INFO     ale_run.environments.providers.docker  Container ale-life-sciences-tms-marrow-cell-type-annot-4c54bfb4 ports: cua=33494 vnc=33495
2026-09-10 00:30:10,458  INFO     ale_run.environments.providers.gcloud  CUA server ready at http://localhost:33494
2026-09-10 00:30:10,459  INFO     computer  Logger set to INFO level
2026-09-10 00:30:10,459  INFO     computer  Initializing Computer...
2026-09-10 00:30:10,459  INFO     computer  Logger set to INFO level
2026-09-10 00:30:10,459  INFO     computer.vm  Logger set to INFO level
2026-09-10 00:30:10,460  INFO     computer.interface  Logger set to INFO level
2026-09-10 00:30:10,460  INFO     core.telemetry  Recording event: computer_initialized with properties: {'version': '0.1.8', 'os': 'linux', 'os_version': '6.8.0-138-generic', 'python_version': '3.12.3', 'provider_type': 'lume'}
2026-09-10 00:30:10,460  INFO     core.telemetry  Sent event to PostHog: computer_initialized
2026-09-10 00:30:10,778  INFO     cua.interface  Logger set to INFO level
2026-09-10 00:30:10,778  INFO     computer.interface.linux  Logger set to INFO level
--- docker ---
ale-life-sciences-tms-marrow-cell-type-annot-4c54bfb4 Up 35 seconds
--- progress ---
best_tasks=98/98 status={'failed': 24, 'completed': 73, 'timeout': 1} done≈74
completed_mean=0.3424 n=73
/dev/mapper/ubuntu--vg-ubuntu--lv  490G  274G  196G  59% /
---
==== 2026-09-10 00:30:18 ====
run.json finished: 302
cats {'pending_or_running': 24, 'completed_score>0': 41, 'completed_score=0': 32, 'timeout': 1}
---
active
active
SOCAT_OK
FETCH=0
parsed finished=260 active=active sing=active socat_ok=1 fetch=0 cats {'pending_or_running': 24, 'completed_score>0': 41, 'completed_score=0': 32, 'timeout': 1}
parsed finished=276 active=active sing=active socat_ok=1 fetch=0 cats {'pending_or_running': 23, 'env/dependency': 1, 'completed_score>0': 41, 'completed_score=0': 32, 'timeout': 1}
parsed finished=291 active=active sing=active socat_ok=1 fetch=0 cats {'pending_or_running': 8, 'env/dependency': 16, 'completed_score>0': 41, 'completed_score=0': 32, 'timeout': 1}
ale-life-sciences-tms-marrow-cell-type-annot-4c54bfb4 Up About a minute
summary finished=302 best=best_tasks=98/98 active=active fetch=0
==== observe pollR=40 2026-09-10 01:10:38 ====
=== 2026-09-10T01:10:42+08:00 r2 monitor ===
active
enabled
2026-09-10 01:04:59,109  WARNING  core.telemetry.otel  OpenTelemetry packages not installed: No module named 'opentelemetry.exporter'. Install with: pip install opentelemetry-api opentelemetry-sdk opentelemetry-exporter-otlp-proto-http
2026-09-10 01:04:59,109  WARNING  ale_run.tasks.driver  Evaluate failed (transient, attempt 1): Request failed
2026-09-10 01:04:59,120  INFO     computer  Stopping Computer...
2026-09-10 01:04:59,120  INFO     computer  Computer stopped
2026-09-10 01:04:59,121  WARNING  core.telemetry.otel  OpenTelemetry packages not installed: No module named 'opentelemetry.exporter'. Install with: pip install opentelemetry-api opentelemetry-sdk opentelemetry-exporter-otlp-proto-http
2026-09-10 01:04:59,121  INFO     computer  Logger set to INFO level
2026-09-10 01:04:59,121  INFO     computer  Initializing Computer...
2026-09-10 01:04:59,122  INFO     computer  Logger set to INFO level
2026-09-10 01:04:59,122  INFO     computer.vm  Logger set to INFO level
2026-09-10 01:04:59,122  INFO     computer.interface  Logger set to INFO level
2026-09-10 01:04:59,122  INFO     core.telemetry  Recording event: computer_initialized with properties: {'version': '0.1.8', 'os': 'linux', 'os_version': '6.8.0-138-generic', 'python_version': '3.12.3', 'provider_type': 'lume'}
2026-09-10 01:04:59,123  INFO     core.telemetry  Sent event to PostHog: computer_initialized
2026-09-10 01:04:59,967  INFO     cua.interface  Logger set to INFO level
2026-09-10 01:04:59,967  INFO     computer.interface.linux  Logger set to INFO level
2026-09-10 01:05:04,974  WARNING  core.telemetry.otel  OpenTelemetry packages not installed: No module named 'opentelemetry.exporter'. Install with: pip install opentelemetry-api opentelemetry-sdk opentelemetry-exporter-otlp-proto-http
2026-09-10 01:05:05,051  WARNING  core.telemetry.otel  OpenTelemetry packages not installed: No module named 'opentelemetry.exporter'. Install with: pip install opentelemetry-api opentelemetry-sdk opentelemetry-exporter-otlp-proto-http
2026-09-10 01:05:05,063  WARNING  core.telemetry.otel  OpenTelemetry packages not installed: No module named 'opentelemetry.exporter'. Install with: pip install opentelemetry-api opentelemetry-sdk opentelemetry-exporter-otlp-proto-http
2026-09-10 01:10:05,186  WARNING  computer.interface.linux  REST API failed for command 'run_command', trying WebSocket fallback
2026-09-10 01:10:05,187  INFO     computer.interface.linux  Attempting WebSocket connection to ws://localhost:33506/ws
2026-09-10 01:10:05,193  INFO     computer.interface.linux  WebSocket connection established
--- docker ---
ale-physical-sciences-climate-prediction-9a22e2c2 Up 29 minutes
--- progress ---
best_tasks=98/98 status={'failed': 24, 'completed': 73, 'timeout': 1} done≈74
completed_mean=0.3424 n=73
/dev/mapper/ubuntu--vg-ubuntu--lv  490G  276G  194G  59% /
---
==== 2026-09-10 01:10:44 ====
run.json finished: 308
cats {'pending_or_running': 24, 'completed_score>0': 41, 'completed_score=0': 32, 'timeout': 1}
---
active
active
SOCAT_OK
FETCH=0
parsed finished=276 active=active sing=active socat_ok=1 fetch=0 cats {'pending_or_running': 23, 'env/dependency': 1, 'completed_score>0': 41, 'completed_score=0': 32, 'timeout': 1}
parsed finished=291 active=active sing=active socat_ok=1 fetch=0 cats {'pending_or_running': 8, 'env/dependency': 16, 'completed_score>0': 41, 'completed_score=0': 32, 'timeout': 1}
parsed finished=308 active=active sing=active socat_ok=1 fetch=0 cats {'pending_or_running': 24, 'completed_score>0': 41, 'completed_score=0': 32, 'timeout': 1}
ale-physical-sciences-climate-prediction-9a22e2c2 Up 29 minutes
summary finished=308 best=best_tasks=98/98 active=active fetch=0
==== observe pollR=41 2026-09-10 01:50:46 ====
=== 2026-09-10T01:50:51+08:00 r2 monitor ===
active
enabled
2026-09-10 01:49:44,692  INFO     ale_run.executors.sandbox  sandbox: spawned pid=1424 (deployer=MetisDeployer, work_dir=/home/user/.ale/metis/adapters_ale_official_deployer_metisdeployer__gpt-5-6-luna__other__aerobics_wc2026_portugal_trio_difficulty_scoring__v0__20260909_163845)
2026-09-10 01:49:49,258  INFO     ale_run.environments.task_data.local_host  local: staged reference task-data/other/aerobics_wc2026_portugal_trio_difficulty_scoring/variant_1/reference -> ale-other-aerobics-wc2026-portugal-trio-diff-d73cb6d9:/media/user/data/agenthle/other/aerobics_wc2026_portugal_trio_difficulty_scoring/variant_1/reference
2026-09-10 01:49:49,456  WARNING  core.telemetry.otel  OpenTelemetry packages not installed: No module named 'opentelemetry.exporter'. Install with: pip install opentelemetry-api opentelemetry-sdk opentelemetry-exporter-otlp-proto-http
2026-09-10 01:49:49,463  WARNING  core.telemetry.otel  OpenTelemetry packages not installed: No module named 'opentelemetry.exporter'. Install with: pip install opentelemetry-api opentelemetry-sdk opentelemetry-exporter-otlp-proto-http
2026-09-10 01:49:49,464  WARNING  core.telemetry.otel  OpenTelemetry packages not installed: No module named 'opentelemetry.exporter'. Install with: pip install opentelemetry-api opentelemetry-sdk opentelemetry-exporter-otlp-proto-http
2026-09-10 01:49:49,470  WARNING  core.telemetry.otel  OpenTelemetry packages not installed: No module named 'opentelemetry.exporter'. Install with: pip install opentelemetry-api opentelemetry-sdk opentelemetry-exporter-otlp-proto-http
2026-09-10 01:49:49,470  WARNING  _task_other_aerobics_wc2026_portugal_trio_difficulty_scoring  missing output workbook at /media/user/data/agenthle/other/aerobics_wc2026_portugal_trio_difficulty_scoring/variant_1/output/difficulty_element_log.xlsx
2026-09-10 01:49:49,483  INFO     computer  Stopping Computer...
2026-09-10 01:49:49,483  INFO     computer  Computer stopped
2026-09-10 01:49:49,483  WARNING  core.telemetry.otel  OpenTelemetry packages not installed: No module named 'opentelemetry.exporter'. Install with: pip install opentelemetry-api opentelemetry-sdk opentelemetry-exporter-otlp-proto-http
2026-09-10 01:49:49,484  INFO     ale_run.environments.providers.docker  Removing container ale-other-aerobics-wc2026-portugal-trio-diff-d73cb6d9
2026-09-10 01:49:49,553  INFO     ale_run.tasks.loader  Loaded task config via load() function
2026-09-10 01:49:49,781  INFO     ale_run.environments.providers.docker  Container ale-physical-sciences-adapt-vqe-molecular-en-0f7228ce sizing: machine_type=c4-standard-4 -> cpus=1.5 memory=2g (res=1024x768)
2026-09-10 01:49:49,781  INFO     ale_run.environments.providers.docker  Creating Docker container ale-physical-sciences-adapt-vqe-molecular-en-0f7228ce from agentslastexam/ale-ubuntu22-docker:latest
2026-09-10 01:49:55,231  INFO     ale_run.orchestration.runner  [adapters.ale_official.deployer.MetisDeployer/other/aerobics_wc2026_portugal_trio_difficulty_scoring/v0] done: status=failed score=0.0 duration=103.8s (attempt 2/3)
2026-09-10 01:49:55,231  WARNING  ale_run.orchestration.runner  [adapters.ale_official.deployer.MetisDeployer/other/aerobics_wc2026_portugal_trio_difficulty_scoring/v0] failed on attempt 2/3; requeued
2026-09-10 01:49:55,232  INFO     ale_run.orchestration.runner  [adapters.ale_official.deployer.MetisDeployer/other/aerobics_wc2026_portugal_trio_difficulty_scoring/v0] queued (attempt 3/3)
2026-09-10 01:49:55,232  INFO     adapters.ale_official.config  metis: embedded auth.json content (2308 bytes) for sandbox install
2026-09-10 01:49:56,081  INFO     ale_run.environments.providers.docker  Container ale-physical-sciences-adapt-vqe-molecular-en-0f7228ce started (id=4db2be65f5b6)
2026-09-10 01:49:56,184  INFO     ale_run.environments.providers.docker  Container ale-physical-sciences-adapt-vqe-molecular-en-0f7228ce ports: cua=33559 vnc=33560
--- docker ---
ale-physical-sciences-adapt-vqe-molecular-en-0f7228ce Up 56 seconds
--- progress ---
best_tasks=98/98 status={'failed': 24, 'completed': 73, 'timeout': 1} done≈74
completed_mean=0.3424 n=73
/dev/mapper/ubuntu--vg-ubuntu--lv  490G  273G  197G  59% /
---
==== 2026-09-10 01:50:58 ====
run.json finished: 331
cats {'pending_or_running': 24, 'completed_score>0': 41, 'completed_score=0': 32, 'timeout': 1}
---
active
active
SOCAT_OK
FETCH=0
parsed finished=291 active=active sing=active socat_ok=1 fetch=0 cats {'pending_or_running': 8, 'env/dependency': 16, 'completed_score>0': 41, 'completed_score=0': 32, 'timeout': 1}
parsed finished=308 active=active sing=active socat_ok=1 fetch=0 cats {'pending_or_running': 24, 'completed_score>0': 41, 'completed_score=0': 32, 'timeout': 1}
parsed finished=319 active=active sing=active socat_ok=1 fetch=0 cats {'pending_or_running': 24, 'completed_score>0': 41, 'completed_score=0': 32, 'timeout': 1}
ale-physical-sciences-adapt-vqe-molecular-en-0f7228ce Up About a minute
summary finished=331 best=best_tasks=98/98 active=active fetch=0
==== observe pollR=42 2026-09-10 02:31:00 ====
=== 2026-09-10T02:31:04+08:00 r2 monitor ===
active
enabled
2026-09-10 02:30:09,334  INFO     ale_run.tasks.loader  Loaded task config via load() function
2026-09-10 02:30:09,562  INFO     ale_run.environments.providers.docker  Container ale-life-sciences-tms-marrow-cell-type-annot-9ca77f5c sizing: machine_type=c4-standard-4 -> cpus=1.5 memory=2g (res=1024x768)
2026-09-10 02:30:09,563  INFO     ale_run.environments.providers.docker  Creating Docker container ale-life-sciences-tms-marrow-cell-type-annot-9ca77f5c from agentslastexam/ale-ubuntu22-docker:latest
2026-09-10 02:30:15,111  INFO     ale_run.orchestration.runner  [adapters.ale_official.deployer.MetisDeployer/life_sciences/tcga_brca_deg_analysis/v0] done: status=failed score=0.0 duration=129.5s (attempt 3/3)
2026-09-10 02:30:15,947  INFO     ale_run.environments.providers.docker  Container ale-life-sciences-tms-marrow-cell-type-annot-9ca77f5c started (id=de7bb6f23f65)
2026-09-10 02:30:16,074  INFO     ale_run.environments.providers.docker  Container ale-life-sciences-tms-marrow-cell-type-annot-9ca77f5c ports: cua=33600 vnc=33601
2026-09-10 02:30:40,266  INFO     ale_run.environments.providers.gcloud  CUA server ready at http://localhost:33600
2026-09-10 02:30:40,266  INFO     computer  Logger set to INFO level
2026-09-10 02:30:40,266  INFO     computer  Initializing Computer...
2026-09-10 02:30:40,267  INFO     computer  Logger set to INFO level
2026-09-10 02:30:40,267  INFO     computer.vm  Logger set to INFO level
2026-09-10 02:30:40,267  INFO     computer.interface  Logger set to INFO level
2026-09-10 02:30:40,267  INFO     core.telemetry  Recording event: computer_initialized with properties: {'version': '0.1.8', 'os': 'linux', 'os_version': '6.8.0-138-generic', 'python_version': '3.12.3', 'provider_type': 'lume'}
2026-09-10 02:30:40,268  INFO     core.telemetry  Sent event to PostHog: computer_initialized
2026-09-10 02:30:40,545  INFO     cua.interface  Logger set to INFO level
2026-09-10 02:30:40,545  INFO     computer.interface.linux  Logger set to INFO level
2026-09-10 02:30:45,105  INFO     ale_run.environments.task_data.local_host  local: staged ['input', 'software'] for tms_marrow_cell_type_annotation_instance_1 from task-data/life_sciences/tms_marrow_cell_type_annotation_instance_1/base
2026-09-10 02:30:45,111  INFO     ale_run.tasks.loader  Loaded task config via load() function
2026-09-10 02:30:45,111  INFO     ale_run.tasks.driver  Running task setup (attempt 1/4)...
2026-09-10 02:30:45,112  INFO     ale_run.tasks.driver  Task setup completed
--- docker ---
ale-life-sciences-tms-marrow-cell-type-annot-9ca77f5c Up 50 seconds
--- progress ---
best_tasks=98/98 status={'failed': 24, 'completed': 73, 'timeout': 1} done≈74
completed_mean=0.3424 n=73
/dev/mapper/ubuntu--vg-ubuntu--lv  490G  274G  196G  59% /
---
==== 2026-09-10 02:31:07 ====
run.json finished: 350
cats {'pending_or_running': 21, 'env/dependency': 3, 'completed_score>0': 41, 'completed_score=0': 32, 'timeout': 1}
---
active
active
SOCAT_OK
FETCH=0
parsed finished=308 active=active sing=active socat_ok=1 fetch=0 cats {'pending_or_running': 24, 'completed_score>0': 41, 'completed_score=0': 32, 'timeout': 1}
parsed finished=319 active=active sing=active socat_ok=1 fetch=0 cats {'pending_or_running': 24, 'completed_score>0': 41, 'completed_score=0': 32, 'timeout': 1}
parsed finished=337 active=active sing=active socat_ok=1 fetch=0 cats {'pending_or_running': 24, 'completed_score>0': 41, 'completed_score=0': 32, 'timeout': 1}
ale-life-sciences-tms-marrow-cell-type-annot-9ca77f5c Up 54 seconds
summary finished=350 best=best_tasks=98/98 active=active fetch=0
==== observe pollR=43 2026-09-10 03:11:08 ====
=== 2026-09-10T03:11:13+08:00 r2 monitor ===
active
enabled
2026-09-10 03:09:41,542  INFO     ale_run.tasks.loader  Loaded task config via load() function
2026-09-10 03:09:41,811  INFO     ale_run.environments.providers.docker  Container ale-transport-safety-capacitated-vehicle-rou-cacde5e2 sizing: machine_type=c4-standard-4 -> cpus=1.5 memory=2g (res=1024x768)
2026-09-10 03:09:41,811  INFO     ale_run.environments.providers.docker  Creating Docker container ale-transport-safety-capacitated-vehicle-rou-cacde5e2 from agentslastexam/ale-ubuntu22-docker:latest
2026-09-10 03:09:47,644  INFO     ale_run.orchestration.runner  [adapters.ale_official.deployer.MetisDeployer/transport_safety/abm_hangzhou_metro/v0] done: status=failed score=0.0 duration=91.4s (attempt 3/3)
2026-09-10 03:09:48,619  INFO     ale_run.environments.providers.docker  Container ale-transport-safety-capacitated-vehicle-rou-cacde5e2 started (id=ffa3833fd097)
2026-09-10 03:09:48,738  INFO     ale_run.environments.providers.docker  Container ale-transport-safety-capacitated-vehicle-rou-cacde5e2 ports: cua=33641 vnc=33642
2026-09-10 03:10:33,982  INFO     ale_run.environments.providers.gcloud  CUA server ready at http://localhost:33641
2026-09-10 03:10:33,982  INFO     computer  Logger set to INFO level
2026-09-10 03:10:33,982  INFO     computer  Initializing Computer...
2026-09-10 03:10:33,983  INFO     computer  Logger set to INFO level
2026-09-10 03:10:33,983  INFO     computer.vm  Logger set to INFO level
2026-09-10 03:10:33,983  INFO     computer.interface  Logger set to INFO level
2026-09-10 03:10:33,983  INFO     core.telemetry  Recording event: computer_initialized with properties: {'version': '0.1.8', 'os': 'linux', 'os_version': '6.8.0-138-generic', 'python_version': '3.12.3', 'provider_type': 'lume'}
2026-09-10 03:10:33,984  INFO     core.telemetry  Sent event to PostHog: computer_initialized
2026-09-10 03:10:34,210  INFO     cua.interface  Logger set to INFO level
2026-09-10 03:10:34,210  INFO     computer.interface.linux  Logger set to INFO level
2026-09-10 03:10:34,910  INFO     ale_run.environments.task_data.local_host  local: staged ['input', 'software'] for capacitated_vehicle_routing_problems from task-data/transport_safety/capacitated_vehicle_routing_problems/base
2026-09-10 03:10:34,917  INFO     ale_run.tasks.loader  Loaded task config via load() function
2026-09-10 03:10:34,918  INFO     ale_run.tasks.driver  Running task setup (attempt 1/4)...
2026-09-10 03:10:34,918  INFO     ale_run.tasks.driver  Task setup completed
--- docker ---
ale-transport-safety-capacitated-vehicle-rou-cacde5e2 Up About a minute
--- progress ---
best_tasks=98/98 status={'failed': 24, 'completed': 73, 'timeout': 1} done≈74
completed_mean=0.3424 n=73
/dev/mapper/ubuntu--vg-ubuntu--lv  490G  273G  197G  59% /
---
==== 2026-09-10 03:11:14 ====
run.json finished: 369
cats {'timeout': 3, 'env/dependency': 20, 'completed_score>0': 41, 'completed_score=0': 32, 'pending_or_running': 2}
---
active
active
SOCAT_OK
FETCH=0
parsed finished=319 active=active sing=active socat_ok=1 fetch=0 cats {'pending_or_running': 24, 'completed_score>0': 41, 'completed_score=0': 32, 'timeout': 1}
parsed finished=337 active=active sing=active socat_ok=1 fetch=0 cats {'pending_or_running': 24, 'completed_score>0': 41, 'completed_score=0': 32, 'timeout': 1}
parsed finished=357 active=active sing=active socat_ok=1 fetch=0 cats {'pending_or_running': 14, 'env/dependency': 10, 'completed_score>0': 41, 'completed_score=0': 32, 'timeout': 1}
ale-transport-safety-capacitated-vehicle-rou-cacde5e2 Up About a minute
summary finished=369 best=best_tasks=98/98 active=active fetch=0
==== observe pollR=44 2026-09-10 03:51:16 ====
=== 2026-09-10T03:51:20+08:00 r2 monitor ===
active
enabled
2026-09-10 03:49:53,946  INFO     ale_run.orchestration.runner  [adapters.ale_official.deployer.MetisDeployer/physical_sciences/glm_lake_calibration/v0] done: status=failed score=0.0 duration=109.4s (attempt 1/3)
2026-09-10 03:49:53,946  WARNING  ale_run.orchestration.runner  [adapters.ale_official.deployer.MetisDeployer/physical_sciences/glm_lake_calibration/v0] failed on attempt 1/3; requeued
2026-09-10 03:49:53,946  INFO     ale_run.orchestration.runner  [adapters.ale_official.deployer.MetisDeployer/physical_sciences/glm_lake_calibration/v0] queued (attempt 2/3)
2026-09-10 03:49:53,946  INFO     adapters.ale_official.config  metis: embedded auth.json content (2308 bytes) for sandbox install
2026-09-10 03:49:54,678  INFO     ale_run.environments.providers.docker  Container ale-physical-sciences-hst-acs-wfc-visit-redu-a2f03c34 started (id=9d2ae4337d64)
2026-09-10 03:49:54,829  INFO     ale_run.environments.providers.docker  Container ale-physical-sciences-hst-acs-wfc-visit-redu-a2f03c34 ports: cua=33675 vnc=33676
2026-09-10 03:50:49,098  INFO     ale_run.environments.providers.gcloud  CUA server ready at http://localhost:33675
2026-09-10 03:50:49,098  INFO     computer  Logger set to INFO level
2026-09-10 03:50:49,099  INFO     computer  Initializing Computer...
2026-09-10 03:50:49,099  INFO     computer  Logger set to INFO level
2026-09-10 03:50:49,099  INFO     computer.vm  Logger set to INFO level
2026-09-10 03:50:49,099  INFO     computer.interface  Logger set to INFO level
2026-09-10 03:50:49,099  INFO     core.telemetry  Recording event: computer_initialized with properties: {'version': '0.1.8', 'os': 'linux', 'os_version': '6.8.0-138-generic', 'python_version': '3.12.3', 'provider_type': 'lume'}
2026-09-10 03:50:49,100  INFO     core.telemetry  Sent event to PostHog: computer_initialized
2026-09-10 03:50:49,315  INFO     cua.interface  Logger set to INFO level
2026-09-10 03:50:49,315  INFO     computer.interface.linux  Logger set to INFO level
2026-09-10 03:50:49,993  INFO     ale_run.environments.task_data.local_host  local: staged ['input', 'software'] for hst_acs_wfc_visit_reduction from task-data/physical_sciences/hst_acs_wfc_visit_reduction/base
2026-09-10 03:50:49,999  INFO     ale_run.tasks.loader  Loaded task config via load() function
2026-09-10 03:50:50,000  INFO     ale_run.tasks.driver  Running task setup (attempt 1/4)...
2026-09-10 03:50:50,000  INFO     ale_run.tasks.driver  Task setup completed
--- docker ---
ale-physical-sciences-hst-acs-wfc-visit-redu-a2f03c34 Up About a minute
--- progress ---
best_tasks=98/98 status={'failed': 24, 'completed': 73, 'timeout': 1} done≈74
completed_mean=0.3424 n=73
/dev/mapper/ubuntu--vg-ubuntu--lv  490G  273G  197G  59% /
---
==== 2026-09-10 03:51:24 ====
run.json finished: 385
cats {'pending_or_running': 24, 'completed_score>0': 41, 'completed_score=0': 32, 'timeout': 1}
---
active
active
SOCAT_OK
FETCH=0
parsed finished=337 active=active sing=active socat_ok=1 fetch=0 cats {'pending_or_running': 24, 'completed_score>0': 41, 'completed_score=0': 32, 'timeout': 1}
parsed finished=357 active=active sing=active socat_ok=1 fetch=0 cats {'pending_or_running': 14, 'env/dependency': 10, 'completed_score>0': 41, 'completed_score=0': 32, 'timeout': 1}
parsed finished=379 active=active sing=active socat_ok=1 fetch=0 cats {'pending_or_running': 24, 'completed_score>0': 41, 'completed_score=0': 32, 'timeout': 1}
ale-physical-sciences-hst-acs-wfc-visit-redu-a2f03c34 Up About a minute
summary finished=385 best=best_tasks=98/98 active=active fetch=0
==== observe pollR=45 2026-09-10 04:31:26 ====
=== 2026-09-10T04:31:33+08:00 r2 monitor ===
active
enabled
2026-09-10 04:31:14,865  WARNING  core.telemetry.otel  OpenTelemetry packages not installed: No module named 'opentelemetry.exporter'. Install with: pip install opentelemetry-api opentelemetry-sdk opentelemetry-exporter-otlp-proto-http
2026-09-10 04:31:14,865  INFO     _task_physical_sciences_climate_prediction  verifier stderr:
{
  "score": 0.0,
  "detail": "missing files: ['processed/train_inputs.npy', 'processed/train_outputs.npy', 'processed/test_inputs.npy', 'processed/metadata.json', 'processed/test_predictions.npy', 'submissions/kaggle_submission.csv']"
}
2026-09-10 04:31:14,865  INFO     _task_physical_sciences_climate_prediction  score=0.0000 | tas_rmse=-1.0000 pr_rmse=-1.0000 skill=-1.0000
2026-09-10 04:31:14,879  INFO     computer  Stopping Computer...
2026-09-10 04:31:14,879  INFO     computer  Computer stopped
2026-09-10 04:31:14,879  WARNING  core.telemetry.otel  OpenTelemetry packages not installed: No module named 'opentelemetry.exporter'. Install with: pip install opentelemetry-api opentelemetry-sdk opentelemetry-exporter-otlp-proto-http
2026-09-10 04:31:14,880  INFO     ale_run.environments.providers.docker  Removing container ale-physical-sciences-climate-prediction-f887101f
2026-09-10 04:31:14,947  INFO     ale_run.tasks.loader  Loaded task config via load() function
2026-09-10 04:31:15,322  INFO     ale_run.environments.providers.docker  Container ale-physical-sciences-computational-material-03b96ba4 sizing: machine_type=c4-standard-8 -> cpus=1.5 memory=2g (res=1024x768)
2026-09-10 04:31:15,323  INFO     ale_run.environments.providers.docker  Creating Docker container ale-physical-sciences-computational-material-03b96ba4 from agentslastexam/ale-ubuntu22-docker:latest
2026-09-10 04:31:25,445  INFO     ale_run.environments.providers.docker  Container ale-physical-sciences-computational-material-03b96ba4 started (id=0b074e87033b)
2026-09-10 04:31:25,600  INFO     ale_run.environments.providers.docker  Container ale-physical-sciences-computational-material-03b96ba4 ports: cua=33720 vnc=33721
2026-09-10 04:31:27,896  INFO     ale_run.orchestration.runner  [adapters.ale_official.deployer.MetisDeployer/physical_sciences/climate_prediction/v0] done: status=failed score=0.0 duration=101.3s (attempt 2/3)
2026-09-10 04:31:27,896  WARNING  ale_run.orchestration.runner  [adapters.ale_official.deployer.MetisDeployer/physical_sciences/climate_prediction/v0] failed on attempt 2/3; requeued
2026-09-10 04:31:27,896  INFO     ale_run.orchestration.runner  [adapters.ale_official.deployer.MetisDeployer/physical_sciences/climate_prediction/v0] queued (attempt 3/3)
2026-09-10 04:31:27,897  INFO     adapters.ale_official.config  metis: embedded auth.json content (2308 bytes) for sandbox install
--- docker ---
ale-physical-sciences-computational-material-03b96ba4 Up 9 seconds
--- progress ---
best_tasks=98/98 status={'failed': 24, 'completed': 73, 'timeout': 1} done≈74
completed_mean=0.3424 n=73
/dev/mapper/ubuntu--vg-ubuntu--lv  490G  273G  197G  59% /
---
==== 2026-09-10 04:31:52 ====
run.json finished: 405
cats {'pending_or_running': 24, 'completed_score>0': 41, 'completed_score=0': 32, 'timeout': 1}
---
active
active
SOCAT_OK
FETCH=0
parsed finished=357 active=active sing=active socat_ok=1 fetch=0 cats {'pending_or_running': 14, 'env/dependency': 10, 'completed_score>0': 41, 'completed_score=0': 32, 'timeout': 1}
parsed finished=379 active=active sing=active socat_ok=1 fetch=0 cats {'pending_or_running': 24, 'completed_score>0': 41, 'completed_score=0': 32, 'timeout': 1}
parsed finished=398 active=active sing=active socat_ok=1 fetch=0 cats {'pending_or_running': 24, 'completed_score>0': 41, 'completed_score=0': 32, 'timeout': 1}
ale-physical-sciences-computational-material-03b96ba4 Up 30 seconds
summary finished=405 best=best_tasks=98/98 active=active fetch=0
==== observe pollR=46 2026-09-10 05:11:54 ====
=== 2026-09-10T05:11:58+08:00 r2 monitor ===
active
enabled
2026-09-10 05:09:37,048  INFO     ale_run.environments.providers.docker  Container ale-physical-sciences-climate-prediction-9d197841 ports: cua=33767 vnc=33768
2026-09-10 05:10:01,249  INFO     ale_run.environments.providers.gcloud  CUA server ready at http://localhost:33767
2026-09-10 05:10:01,250  INFO     computer  Logger set to INFO level
2026-09-10 05:10:01,250  INFO     computer  Initializing Computer...
2026-09-10 05:10:01,250  INFO     computer  Logger set to INFO level
2026-09-10 05:10:01,250  INFO     computer.vm  Logger set to INFO level
2026-09-10 05:10:01,250  INFO     computer.interface  Logger set to INFO level
2026-09-10 05:10:01,251  INFO     core.telemetry  Recording event: computer_initialized with properties: {'version': '0.1.8', 'os': 'linux', 'os_version': '6.8.0-138-generic', 'python_version': '3.12.3', 'provider_type': 'lume'}
2026-09-10 05:10:01,251  INFO     core.telemetry  Sent event to PostHog: computer_initialized
2026-09-10 05:10:01,525  INFO     cua.interface  Logger set to INFO level
2026-09-10 05:10:01,525  INFO     computer.interface.linux  Logger set to INFO level
2026-09-10 05:10:06,200  INFO     ale_run.environments.task_data.local_host  local: staged ['input', 'software'] for climate_prediction from task-data/physical_sciences/climate_prediction/base
2026-09-10 05:10:06,205  INFO     ale_run.tasks.loader  Loaded task config via load() function
2026-09-10 05:10:06,206  INFO     ale_run.tasks.driver  Running task setup (attempt 1/4)...
2026-09-10 05:10:06,206  INFO     ale_run.tasks.driver  Task setup completed
2026-09-10 05:11:02,726  INFO     ale_run.executors.sandbox  sandbox: spawned pid=1424 (deployer=MetisDeployer, work_dir=/home/user/.ale/metis/adapters_ale_official_deployer_metisdeployer__gpt-5-6-luna__physical_sciences__climate_prediction__v0__20260909_203127)
2026-09-10 05:11:10,147  INFO     ale_run.environments.task_data.local_host  local: staged reference task-data/physical_sciences/climate_prediction/base/reference -> ale-physical-sciences-climate-prediction-9d197841:/media/user/data/agenthle/physical_sciences/climate_prediction/base/reference
2026-09-10 05:11:10,659  WARNING  core.telemetry.otel  OpenTelemetry packages not installed: No module named 'opentelemetry.exporter'. Install with: pip install opentelemetry-api opentelemetry-sdk opentelemetry-exporter-otlp-proto-http
2026-09-10 05:11:10,750  WARNING  core.telemetry.otel  OpenTelemetry packages not installed: No module named 'opentelemetry.exporter'. Install with: pip install opentelemetry-api opentelemetry-sdk opentelemetry-exporter-otlp-proto-http
2026-09-10 05:11:10,766  WARNING  core.telemetry.otel  OpenTelemetry packages not installed: No module named 'opentelemetry.exporter'. Install with: pip install opentelemetry-api opentelemetry-sdk opentelemetry-exporter-otlp-proto-http
--- docker ---
ale-physical-sciences-climate-prediction-9d197841 Up 2 minutes
--- progress ---
best_tasks=98/98 status={'failed': 24, 'completed': 73, 'timeout': 1} done≈74
completed_mean=0.3424 n=73
/dev/mapper/ubuntu--vg-ubuntu--lv  490G  274G  196G  59% /
---
==== 2026-09-10 05:12:01 ====
run.json finished: 428
cats {'pending_or_running': 15, 'env/dependency': 9, 'completed_score>0': 41, 'completed_score=0': 32, 'timeout': 1}
---
active
active
SOCAT_OK
FETCH=0
parsed finished=379 active=active sing=active socat_ok=1 fetch=0 cats {'pending_or_running': 24, 'completed_score>0': 41, 'completed_score=0': 32, 'timeout': 1}
parsed finished=398 active=active sing=active socat_ok=1 fetch=0 cats {'pending_or_running': 24, 'completed_score>0': 41, 'completed_score=0': 32, 'timeout': 1}
parsed finished=417 active=active sing=active socat_ok=1 fetch=0 cats {'pending_or_running': 24, 'completed_score>0': 41, 'completed_score=0': 32, 'timeout': 1}
ale-physical-sciences-climate-prediction-9d197841 Up 2 minutes
summary finished=428 best=best_tasks=98/98 active=active fetch=0
==== observe pollR=47 2026-09-10 05:52:03 ====
=== 2026-09-10T05:52:05+08:00 r2 monitor ===
active
enabled
2026-09-10 05:51:23,593  INFO     ale_run.executors.sandbox  sandbox: spawned pid=1426 (deployer=MetisDeployer, work_dir=/home/user/.ale/metis/adapters_ale_official_deployer_metisdeployer__gpt-5-6-luna__life_sciences__tms_marrow_cell_type_annotation_instance_1__v0__20260909_214329)
2026-09-10 05:51:28,341  INFO     ale_run.environments.task_data.local_host  local: staged reference task-data/life_sciences/tms_marrow_cell_type_annotation_instance_1/base/reference -> ale-life-sciences-tms-marrow-cell-type-annot-f4fab16e:/media/user/data/agenthle/life_sciences/tms_marrow_cell_type_annotation_instance_1/base/reference
2026-09-10 05:51:28,437  WARNING  core.telemetry.otel  OpenTelemetry packages not installed: No module named 'opentelemetry.exporter'. Install with: pip install opentelemetry-api opentelemetry-sdk opentelemetry-exporter-otlp-proto-http
2026-09-10 05:51:28,445  WARNING  core.telemetry.otel  OpenTelemetry packages not installed: No module named 'opentelemetry.exporter'. Install with: pip install opentelemetry-api opentelemetry-sdk opentelemetry-exporter-otlp-proto-http
2026-09-10 05:51:28,445  WARNING  core.telemetry.otel  OpenTelemetry packages not installed: No module named 'opentelemetry.exporter'. Install with: pip install opentelemetry-api opentelemetry-sdk opentelemetry-exporter-otlp-proto-http
2026-09-10 05:51:28,453  WARNING  core.telemetry.otel  OpenTelemetry packages not installed: No module named 'opentelemetry.exporter'. Install with: pip install opentelemetry-api opentelemetry-sdk opentelemetry-exporter-otlp-proto-http
2026-09-10 05:51:28,453  ERROR    _task_life_sciences_tms_marrow_cell_type_annotation_instance_1  agent missing output: /media/user/data/agenthle/life_sciences/tms_marrow_cell_type_annotation_instance_1/base/output/predictions.csv
2026-09-10 05:51:28,461  INFO     computer  Stopping Computer...
2026-09-10 05:51:28,461  INFO     computer  Computer stopped
2026-09-10 05:51:28,461  WARNING  core.telemetry.otel  OpenTelemetry packages not installed: No module named 'opentelemetry.exporter'. Install with: pip install opentelemetry-api opentelemetry-sdk opentelemetry-exporter-otlp-proto-http
2026-09-10 05:51:28,461  INFO     ale_run.environments.providers.docker  Removing container ale-life-sciences-tms-marrow-cell-type-annot-f4fab16e
2026-09-10 05:51:28,512  INFO     ale_run.tasks.loader  Loaded task config via load() function
2026-09-10 05:51:28,763  INFO     ale_run.environments.providers.docker  Container ale-life-sciences-tp53-locus-variant-histone-337a6eb9 sizing: machine_type=c4-standard-4 -> cpus=1.5 memory=2g (res=1024x768)
2026-09-10 05:51:28,763  INFO     ale_run.environments.providers.docker  Creating Docker container ale-life-sciences-tp53-locus-variant-histone-337a6eb9 from agentslastexam/ale-ubuntu22-docker:latest
2026-09-10 05:51:34,962  INFO     ale_run.orchestration.runner  [adapters.ale_official.deployer.MetisDeployer/life_sciences/tms_marrow_cell_type_annotation_instance_1/v0] done: status=failed score=0.0 duration=110.4s (attempt 1/3)
2026-09-10 05:51:34,962  WARNING  ale_run.orchestration.runner  [adapters.ale_official.deployer.MetisDeployer/life_sciences/tms_marrow_cell_type_annotation_instance_1/v0] failed on attempt 1/3; requeued
2026-09-10 05:51:34,962  INFO     ale_run.orchestration.runner  [adapters.ale_official.deployer.MetisDeployer/life_sciences/tms_marrow_cell_type_annotation_instance_1/v0] queued (attempt 2/3)
2026-09-10 05:51:34,972  INFO     adapters.ale_official.config  metis: embedded auth.json content (2308 bytes) for sandbox install
2026-09-10 05:51:35,839  INFO     ale_run.environments.providers.docker  Container ale-life-sciences-tp53-locus-variant-histone-337a6eb9 started (id=25d5403dd6d0)
2026-09-10 05:51:35,947  INFO     ale_run.environments.providers.docker  Container ale-life-sciences-tp53-locus-variant-histone-337a6eb9 ports: cua=33808 vnc=33809
--- docker ---
ale-life-sciences-tp53-locus-variant-histone-337a6eb9 Up 31 seconds
--- progress ---
best_tasks=98/98 status={'failed': 24, 'completed': 73, 'timeout': 1} done≈74
completed_mean=0.3424 n=73
/dev/mapper/ubuntu--vg-ubuntu--lv  490G  273G  196G  59% /
---
==== 2026-09-10 05:52:42 ====
run.json finished: 447
cats {'pending_or_running': 24, 'completed_score>0': 41, 'completed_score=0': 32, 'timeout': 1}
---
active
active
SOCAT_OK
FETCH=0
parsed finished=398 active=active sing=active socat_ok=1 fetch=0 cats {'pending_or_running': 24, 'completed_score>0': 41, 'completed_score=0': 32, 'timeout': 1}
parsed finished=417 active=active sing=active socat_ok=1 fetch=0 cats {'pending_or_running': 24, 'completed_score>0': 41, 'completed_score=0': 32, 'timeout': 1}
parsed finished=437 active=active sing=active socat_ok=1 fetch=0 cats {'pending_or_running': 6, 'env/dependency': 17, 'completed_score>0': 41, 'completed_score=0': 32, 'timeout': 2}
ale-life-sciences-tp53-locus-variant-histone-337a6eb9 Up About a minute
summary finished=447 best=best_tasks=98/98 active=active fetch=0
==== observe pollR=48 2026-09-10 06:32:49 ====
=== 2026-09-10T06:32:54+08:00 r2 monitor ===
active
enabled
2026-09-10 06:32:42,383  WARNING  core.telemetry.otel  OpenTelemetry packages not installed: No module named 'opentelemetry.exporter'. Install with: pip install opentelemetry-api opentelemetry-sdk opentelemetry-exporter-otlp-proto-http
2026-09-10 06:32:42,389  WARNING  core.telemetry.otel  OpenTelemetry packages not installed: No module named 'opentelemetry.exporter'. Install with: pip install opentelemetry-api opentelemetry-sdk opentelemetry-exporter-otlp-proto-http
2026-09-10 06:32:42,390  WARNING  core.telemetry.otel  OpenTelemetry packages not installed: No module named 'opentelemetry.exporter'. Install with: pip install opentelemetry-api opentelemetry-sdk opentelemetry-exporter-otlp-proto-http
2026-09-10 06:32:42,396  WARNING  core.telemetry.otel  OpenTelemetry packages not installed: No module named 'opentelemetry.exporter'. Install with: pip install opentelemetry-api opentelemetry-sdk opentelemetry-exporter-otlp-proto-http
2026-09-10 06:32:42,397  WARNING  core.telemetry.otel  OpenTelemetry packages not installed: No module named 'opentelemetry.exporter'. Install with: pip install opentelemetry-api opentelemetry-sdk opentelemetry-exporter-otlp-proto-http
2026-09-10 06:32:42,404  WARNING  core.telemetry.otel  OpenTelemetry packages not installed: No module named 'opentelemetry.exporter'. Install with: pip install opentelemetry-api opentelemetry-sdk opentelemetry-exporter-otlp-proto-http
2026-09-10 06:32:42,404  ERROR    _task_transport_safety_fds_single_compartment_detector_reconstruction  Missing submitted reconstruct_fire_case.py at /media/user/data/agenthle/transport_safety/fds_single_compartment_detector_reconstruction/base/output/reconstruct_fire_case.py
2026-09-10 06:32:42,405  INFO     computer  Stopping Computer...
2026-09-10 06:32:42,405  INFO     computer  Computer stopped
2026-09-10 06:32:42,406  WARNING  core.telemetry.otel  OpenTelemetry packages not installed: No module named 'opentelemetry.exporter'. Install with: pip install opentelemetry-api opentelemetry-sdk opentelemetry-exporter-otlp-proto-http
2026-09-10 06:32:42,406  INFO     ale_run.environments.providers.docker  Removing container ale-transport-safety-fds-single-compartment--e9bd25c1
2026-09-10 06:32:42,445  INFO     ale_run.tasks.loader  Loaded task config via load() function
2026-09-10 06:32:42,708  INFO     ale_run.environments.providers.docker  Container ale-engineering-mpc-control-building-v1-eb99fb5f sizing: machine_type=c4-standard-4 -> cpus=1.5 memory=2g (res=1024x768)
2026-09-10 06:32:42,708  INFO     ale_run.environments.providers.docker  Creating Docker container ale-engineering-mpc-control-building-v1-eb99fb5f from agentslastexam/ale-ubuntu22-docker:latest
2026-09-10 06:32:48,691  INFO     ale_run.orchestration.runner  [adapters.ale_official.deployer.MetisDeployer/transport_safety/fds_single_compartment_detector_reconstruction/v0] done: status=failed score=0.0 duration=92.5s (attempt 1/3)
2026-09-10 06:32:48,691  WARNING  ale_run.orchestration.runner  [adapters.ale_official.deployer.MetisDeployer/transport_safety/fds_single_compartment_detector_reconstruction/v0] failed on attempt 1/3; requeued
2026-09-10 06:32:48,691  INFO     ale_run.orchestration.runner  [adapters.ale_official.deployer.MetisDeployer/transport_safety/fds_single_compartment_detector_reconstruction/v0] queued (attempt 2/3)
2026-09-10 06:32:48,692  INFO     adapters.ale_official.config  metis: embedded auth.json content (2308 bytes) for sandbox install
2026-09-10 06:32:49,848  INFO     ale_run.environments.providers.docker  Container ale-engineering-mpc-control-building-v1-eb99fb5f started (id=260038c9e50a)
2026-09-10 06:32:49,996  INFO     ale_run.environments.providers.docker  Container ale-engineering-mpc-control-building-v1-eb99fb5f ports: cua=33852 vnc=33853
--- docker ---
ale-engineering-mpc-control-building-v1-eb99fb5f Up 6 seconds
--- progress ---
best_tasks=98/98 status={'failed': 24, 'completed': 73, 'timeout': 1} done≈74
completed_mean=0.3424 n=73
/dev/mapper/ubuntu--vg-ubuntu--lv  490G  273G  197G  59% /
---
==== 2026-09-10 06:33:19 ====
run.json finished: 467
cats {'pending_or_running': 24, 'completed_score>0': 41, 'completed_score=0': 32, 'timeout': 1}
---
active
active
SOCAT_OK
FETCH=0
parsed finished=417 active=active sing=active socat_ok=1 fetch=0 cats {'pending_or_running': 24, 'completed_score>0': 41, 'completed_score=0': 32, 'timeout': 1}
parsed finished=437 active=active sing=active socat_ok=1 fetch=0 cats {'pending_or_running': 6, 'env/dependency': 17, 'completed_score>0': 41, 'completed_score=0': 32, 'timeout': 2}
parsed finished=454 active=active sing=active socat_ok=1 fetch=0 cats {'pending_or_running': 24, 'completed_score>0': 41, 'completed_score=0': 32, 'timeout': 1}
ale-engineering-mpc-control-building-v1-eb99fb5f Up 32 seconds
summary finished=467 best=best_tasks=98/98 active=active fetch=0
==== observe pollR=49 2026-09-10 07:13:21 ====
=== 2026-09-10T07:13:24+08:00 r2 monitor ===
active
enabled
2026-09-10 07:12:11,087  INFO     ale_run.orchestration.runner  [adapters.ale_official.deployer.MetisDeployer/physical_sciences/silicon_bse_absorption/v0] done: status=failed score=None duration=37.2s (attempt 2/3)
2026-09-10 07:12:11,087  WARNING  ale_run.orchestration.runner  [adapters.ale_official.deployer.MetisDeployer/physical_sciences/silicon_bse_absorption/v0] failed on attempt 2/3; requeued
2026-09-10 07:12:11,087  INFO     ale_run.orchestration.runner  [adapters.ale_official.deployer.MetisDeployer/physical_sciences/silicon_bse_absorption/v0] queued (attempt 3/3)
2026-09-10 07:12:11,088  INFO     adapters.ale_official.config  metis: embedded auth.json content (2308 bytes) for sandbox install
2026-09-10 07:12:12,255  INFO     ale_run.environments.providers.docker  Container ale-psychology-neuro-celegans-neuron-trackin-42a42fca started (id=c0c9ce39e260)
2026-09-10 07:12:12,390  INFO     ale_run.environments.providers.docker  Container ale-psychology-neuro-celegans-neuron-trackin-42a42fca ports: cua=33896 vnc=33897
2026-09-10 07:12:36,597  INFO     ale_run.environments.providers.gcloud  CUA server ready at http://localhost:33896
2026-09-10 07:12:36,598  INFO     computer  Logger set to INFO level
2026-09-10 07:12:36,598  INFO     computer  Initializing Computer...
2026-09-10 07:12:36,598  INFO     computer  Logger set to INFO level
2026-09-10 07:12:36,598  INFO     computer.vm  Logger set to INFO level
2026-09-10 07:12:36,599  INFO     computer.interface  Logger set to INFO level
2026-09-10 07:12:36,599  INFO     core.telemetry  Recording event: computer_initialized with properties: {'version': '0.1.8', 'os': 'linux', 'os_version': '6.8.0-138-generic', 'python_version': '3.12.3', 'provider_type': 'lume'}
2026-09-10 07:12:36,599  INFO     core.telemetry  Sent event to PostHog: computer_initialized
2026-09-10 07:12:36,885  INFO     cua.interface  Logger set to INFO level
2026-09-10 07:12:36,885  INFO     computer.interface.linux  Logger set to INFO level
2026-09-10 07:12:50,906  INFO     ale_run.environments.task_data.local_host  local: staged ['input', 'software'] for celegans_neuron_tracking from task-data/psychology_neuro/celegans_neuron_tracking/137
2026-09-10 07:12:50,956  INFO     ale_run.tasks.loader  Loaded task config via load() function
2026-09-10 07:12:50,957  INFO     ale_run.tasks.driver  Running task setup (attempt 1/4)...
2026-09-10 07:12:50,958  INFO     ale_run.tasks.driver  Task setup completed
--- docker ---
ale-psychology-neuro-celegans-neuron-trackin-42a42fca Up About a minute
--- progress ---
best_tasks=98/98 status={'failed': 24, 'completed': 73, 'timeout': 1} done≈74
completed_mean=0.3424 n=73
/dev/mapper/ubuntu--vg-ubuntu--lv  490G  275G  195G  59% /
---
==== 2026-09-10 07:13:27 ====
run.json finished: 486
cats {'pending_or_running': 24, 'completed_score>0': 41, 'completed_score=0': 32, 'timeout': 1}
---
active
active
SOCAT_OK
FETCH=0
parsed finished=437 active=active sing=active socat_ok=1 fetch=0 cats {'pending_or_running': 6, 'env/dependency': 17, 'completed_score>0': 41, 'completed_score=0': 32, 'timeout': 2}
parsed finished=454 active=active sing=active socat_ok=1 fetch=0 cats {'pending_or_running': 24, 'completed_score>0': 41, 'completed_score=0': 32, 'timeout': 1}
parsed finished=476 active=active sing=active socat_ok=1 fetch=0 cats {'pending_or_running': 24, 'completed_score>0': 41, 'completed_score=0': 32, 'timeout': 1}
ale-psychology-neuro-celegans-neuron-trackin-42a42fca Up About a minute
summary finished=486 best=best_tasks=98/98 active=active fetch=0
==== observe pollR=50 2026-09-10 07:53:28 ====
=== 2026-09-10T07:53:36+08:00 r2 monitor ===
active
enabled
2026-09-10 07:53:26,629  WARNING  core.telemetry.otel  OpenTelemetry packages not installed: No module named 'opentelemetry.exporter'. Install with: pip install opentelemetry-api opentelemetry-sdk opentelemetry-exporter-otlp-proto-http
2026-09-10 07:53:26,649  WARNING  core.telemetry.otel  OpenTelemetry packages not installed: No module named 'opentelemetry.exporter'. Install with: pip install opentelemetry-api opentelemetry-sdk opentelemetry-exporter-otlp-proto-http
2026-09-10 07:53:26,734  WARNING  core.telemetry.otel  OpenTelemetry packages not installed: No module named 'opentelemetry.exporter'. Install with: pip install opentelemetry-api opentelemetry-sdk opentelemetry-exporter-otlp-proto-http
2026-09-10 07:53:26,746  WARNING  core.telemetry.otel  OpenTelemetry packages not installed: No module named 'opentelemetry.exporter'. Install with: pip install opentelemetry-api opentelemetry-sdk opentelemetry-exporter-otlp-proto-http
2026-09-10 07:53:26,859  WARNING  core.telemetry.otel  OpenTelemetry packages not installed: No module named 'opentelemetry.exporter'. Install with: pip install opentelemetry-api opentelemetry-sdk opentelemetry-exporter-otlp-proto-http
2026-09-10 07:53:26,859  WARNING  core.telemetry.otel  OpenTelemetry packages not installed: No module named 'opentelemetry.exporter'. Install with: pip install opentelemetry-api opentelemetry-sdk opentelemetry-exporter-otlp-proto-http
2026-09-10 07:53:26,932  WARNING  core.telemetry.otel  OpenTelemetry packages not installed: No module named 'opentelemetry.exporter'. Install with: pip install opentelemetry-api opentelemetry-sdk opentelemetry-exporter-otlp-proto-http
2026-09-10 07:53:26,963  WARNING  core.telemetry.otel  OpenTelemetry packages not installed: No module named 'opentelemetry.exporter'. Install with: pip install opentelemetry-api opentelemetry-sdk opentelemetry-exporter-otlp-proto-http
2026-09-10 07:53:27,036  WARNING  core.telemetry.otel  OpenTelemetry packages not installed: No module named 'opentelemetry.exporter'. Install with: pip install opentelemetry-api opentelemetry-sdk opentelemetry-exporter-otlp-proto-http
2026-09-10 07:53:27,036  ERROR    _task_physical_sciences_glm_lake_calibration  [base] failed to parse VM verifier output: verifier returned empty stdout; stderr=/tmp/ale_job_99b94f58e17e/cmd.sh: line 1: /media/user/data/agenthle/physical_sciences/glm_lake_calibration/base/software/python_glm_env.sh: Permission denied

2026-09-10 07:53:27,038  INFO     computer  Stopping Computer...
2026-09-10 07:53:27,038  INFO     computer  Computer stopped
2026-09-10 07:53:27,039  WARNING  core.telemetry.otel  OpenTelemetry packages not installed: No module named 'opentelemetry.exporter'. Install with: pip install opentelemetry-api opentelemetry-sdk opentelemetry-exporter-otlp-proto-http
2026-09-10 07:53:27,039  INFO     ale_run.environments.providers.docker  Removing container ale-physical-sciences-glm-lake-calibration-cc5a1e0f
2026-09-10 07:53:27,083  INFO     ale_run.tasks.loader  Loaded task config via load() function
2026-09-10 07:53:27,343  INFO     ale_run.environments.providers.docker  Container ale-physical-sciences-hst-acs-wfc-visit-redu-8eb9d859 sizing: machine_type=c4-standard-4 -> cpus=1.5 memory=2g (res=1024x768)
2026-09-10 07:53:27,343  INFO     ale_run.environments.providers.docker  Creating Docker container ale-physical-sciences-hst-acs-wfc-visit-redu-8eb9d859 from agentslastexam/ale-ubuntu22-docker:latest
2026-09-10 07:53:35,585  INFO     ale_run.environments.providers.docker  Container ale-physical-sciences-hst-acs-wfc-visit-redu-8eb9d859 started (id=e85dad66a5b8)
2026-09-10 07:53:35,692  INFO     ale_run.environments.providers.docker  Container ale-physical-sciences-hst-acs-wfc-visit-redu-8eb9d859 ports: cua=33939 vnc=33941
--- docker ---
ale-physical-sciences-hst-acs-wfc-visit-redu-8eb9d859 Up 2 seconds
--- progress ---
best_tasks=98/98 status={'failed': 24, 'completed': 73, 'timeout': 1} done≈74
completed_mean=0.3424 n=73
/dev/mapper/ubuntu--vg-ubuntu--lv  490G  273G  197G  59% /
---
==== 2026-09-10 07:53:53 ====
run.json finished: 505
cats {'pending_or_running': 10, 'env/dependency': 14, 'completed_score>0': 41, 'completed_score=0': 32, 'timeout': 1}
---
active
active
SOCAT_OK
FETCH=0
parsed finished=454 active=active sing=active socat_ok=1 fetch=0 cats {'pending_or_running': 24, 'completed_score>0': 41, 'completed_score=0': 32, 'timeout': 1}
parsed finished=476 active=active sing=active socat_ok=1 fetch=0 cats {'pending_or_running': 24, 'completed_score>0': 41, 'completed_score=0': 32, 'timeout': 1}
parsed finished=498 active=active sing=active socat_ok=1 fetch=0 cats {'pending_or_running': 17, 'env/dependency': 7, 'completed_score>0': 41, 'completed_score=0': 32, 'timeout': 1}
ale-physical-sciences-hst-acs-wfc-visit-redu-8eb9d859 Up 21 seconds
summary finished=505 best=best_tasks=98/98 active=active fetch=0
==== observe pollR=51 2026-09-10 08:33:55 ====
=== 2026-09-10T08:34:00+08:00 r2 monitor ===
active
enabled
2026-09-10 08:28:17,477  INFO     ale_run.environments.providers.docker  Container ale-physical-sciences-climate-prediction-b3c0a68b ports: cua=33982 vnc=33983
2026-09-10 08:28:41,680  INFO     ale_run.environments.providers.gcloud  CUA server ready at http://localhost:33982
2026-09-10 08:28:41,681  INFO     computer  Logger set to INFO level
2026-09-10 08:28:41,681  INFO     computer  Initializing Computer...
2026-09-10 08:28:41,681  INFO     computer  Logger set to INFO level
2026-09-10 08:28:41,681  INFO     computer.vm  Logger set to INFO level
2026-09-10 08:28:41,681  INFO     computer.interface  Logger set to INFO level
2026-09-10 08:28:41,681  INFO     core.telemetry  Recording event: computer_initialized with properties: {'version': '0.1.8', 'os': 'linux', 'os_version': '6.8.0-138-generic', 'python_version': '3.12.3', 'provider_type': 'lume'}
2026-09-10 08:28:41,682  INFO     core.telemetry  Sent event to PostHog: computer_initialized
2026-09-10 08:28:41,957  INFO     cua.interface  Logger set to INFO level
2026-09-10 08:28:41,958  INFO     computer.interface.linux  Logger set to INFO level
2026-09-10 08:28:47,051  INFO     ale_run.environments.task_data.local_host  local: staged ['input', 'software'] for climate_prediction from task-data/physical_sciences/climate_prediction/base
2026-09-10 08:28:47,057  INFO     ale_run.tasks.loader  Loaded task config via load() function
2026-09-10 08:28:47,058  INFO     ale_run.tasks.driver  Running task setup (attempt 1/4)...
2026-09-10 08:28:47,058  INFO     ale_run.tasks.driver  Task setup completed
2026-09-10 08:29:52,184  INFO     ale_run.executors.sandbox  sandbox: spawned pid=1424 (deployer=MetisDeployer, work_dir=/home/user/.ale/metis/adapters_ale_official_deployer_metisdeployer__gpt-5-6-luna__physical_sciences__climate_prediction__v0__20260910_001045)
2026-09-10 08:29:58,929  INFO     ale_run.environments.task_data.local_host  local: staged reference task-data/physical_sciences/climate_prediction/base/reference -> ale-physical-sciences-climate-prediction-b3c0a68b:/media/user/data/agenthle/physical_sciences/climate_prediction/base/reference
2026-09-10 08:30:00,942  WARNING  core.telemetry.otel  OpenTelemetry packages not installed: No module named 'opentelemetry.exporter'. Install with: pip install opentelemetry-api opentelemetry-sdk opentelemetry-exporter-otlp-proto-http
2026-09-10 08:30:01,020  WARNING  core.telemetry.otel  OpenTelemetry packages not installed: No module named 'opentelemetry.exporter'. Install with: pip install opentelemetry-api opentelemetry-sdk opentelemetry-exporter-otlp-proto-http
2026-09-10 08:30:01,034  WARNING  core.telemetry.otel  OpenTelemetry packages not installed: No module named 'opentelemetry.exporter'. Install with: pip install opentelemetry-api opentelemetry-sdk opentelemetry-exporter-otlp-proto-http
--- docker ---
ale-physical-sciences-climate-prediction-b3c0a68b Up 5 minutes
--- progress ---
best_tasks=98/98 status={'failed': 24, 'completed': 73, 'timeout': 1} done≈74
completed_mean=0.3424 n=73
/dev/mapper/ubuntu--vg-ubuntu--lv  490G  274G  196G  59% /
---
==== 2026-09-10 08:34:34 ====
run.json finished: 524
cats {'pending_or_running': 24, 'completed_score>0': 41, 'completed_score=0': 32, 'timeout': 1}
---
active
active
SOCAT_OK
FETCH=0
parsed finished=476 active=active sing=active socat_ok=1 fetch=0 cats {'pending_or_running': 24, 'completed_score>0': 41, 'completed_score=0': 32, 'timeout': 1}
parsed finished=498 active=active sing=active socat_ok=1 fetch=0 cats {'pending_or_running': 17, 'env/dependency': 7, 'completed_score>0': 41, 'completed_score=0': 32, 'timeout': 1}
parsed finished=516 active=active sing=active socat_ok=1 fetch=0 cats {'pending_or_running': 24, 'completed_score>0': 41, 'completed_score=0': 32, 'timeout': 1}
ale-physical-sciences-climate-prediction-b3c0a68b Up 6 minutes
summary finished=524 best=best_tasks=98/98 active=active fetch=0
==== observe pollR=52 2026-09-10 09:14:37 ====
=== 2026-09-10T09:14:42+08:00 r2 monitor ===
active
enabled
2026-09-10 09:14:32,815  WARNING  core.telemetry.otel  OpenTelemetry packages not installed: No module named 'opentelemetry.exporter'. Install with: pip install opentelemetry-api opentelemetry-sdk opentelemetry-exporter-otlp-proto-http
2026-09-10 09:14:32,820  WARNING  core.telemetry.otel  OpenTelemetry packages not installed: No module named 'opentelemetry.exporter'. Install with: pip install opentelemetry-api opentelemetry-sdk opentelemetry-exporter-otlp-proto-http
2026-09-10 09:14:32,821  WARNING  core.telemetry.otel  OpenTelemetry packages not installed: No module named 'opentelemetry.exporter'. Install with: pip install opentelemetry-api opentelemetry-sdk opentelemetry-exporter-otlp-proto-http
2026-09-10 09:14:32,826  WARNING  core.telemetry.otel  OpenTelemetry packages not installed: No module named 'opentelemetry.exporter'. Install with: pip install opentelemetry-api opentelemetry-sdk opentelemetry-exporter-otlp-proto-http
2026-09-10 09:14:32,827  WARNING  core.telemetry.otel  OpenTelemetry packages not installed: No module named 'opentelemetry.exporter'. Install with: pip install opentelemetry-api opentelemetry-sdk opentelemetry-exporter-otlp-proto-http
2026-09-10 09:14:32,832  WARNING  core.telemetry.otel  OpenTelemetry packages not installed: No module named 'opentelemetry.exporter'. Install with: pip install opentelemetry-api opentelemetry-sdk opentelemetry-exporter-otlp-proto-http
2026-09-10 09:14:32,832  INFO     _task_life_sciences_tcga_brca_deg_analysis  Missing output files: ['sample_summary.txt', 'pca_plot.png', 'deg_results_all.csv', 'deg_results_significant.csv', 'volcano_plot.png', 'benchmark_summary.csv', 'run_manifest.json']
2026-09-10 09:14:32,834  INFO     computer  Stopping Computer...
2026-09-10 09:14:32,834  INFO     computer  Computer stopped
2026-09-10 09:14:32,834  WARNING  core.telemetry.otel  OpenTelemetry packages not installed: No module named 'opentelemetry.exporter'. Install with: pip install opentelemetry-api opentelemetry-sdk opentelemetry-exporter-otlp-proto-http
2026-09-10 09:14:32,834  INFO     ale_run.environments.providers.docker  Removing container ale-life-sciences-tcga-brca-deg-analysis-b10f8f60
2026-09-10 09:14:32,893  INFO     ale_run.tasks.loader  Loaded task config via load() function
2026-09-10 09:14:33,121  INFO     ale_run.environments.providers.docker  Container ale-life-sciences-tms-marrow-cell-type-annot-4cc7cce9 sizing: machine_type=c4-standard-4 -> cpus=1.5 memory=2g (res=1024x768)
2026-09-10 09:14:33,121  INFO     ale_run.environments.providers.docker  Creating Docker container ale-life-sciences-tms-marrow-cell-type-annot-4cc7cce9 from agentslastexam/ale-ubuntu22-docker:latest
2026-09-10 09:14:38,680  INFO     ale_run.orchestration.runner  [adapters.ale_official.deployer.MetisDeployer/life_sciences/tcga_brca_deg_analysis/v0] done: status=failed score=0.0 duration=127.4s (attempt 2/3)
2026-09-10 09:14:38,680  WARNING  ale_run.orchestration.runner  [adapters.ale_official.deployer.MetisDeployer/life_sciences/tcga_brca_deg_analysis/v0] failed on attempt 2/3; requeued
2026-09-10 09:14:38,680  INFO     ale_run.orchestration.runner  [adapters.ale_official.deployer.MetisDeployer/life_sciences/tcga_brca_deg_analysis/v0] queued (attempt 3/3)
2026-09-10 09:14:38,680  INFO     adapters.ale_official.config  metis: embedded auth.json content (2308 bytes) for sandbox install
2026-09-10 09:14:39,809  INFO     ale_run.environments.providers.docker  Container ale-life-sciences-tms-marrow-cell-type-annot-4cc7cce9 started (id=488cb8fba7a7)
2026-09-10 09:14:40,076  INFO     ale_run.environments.providers.docker  Container ale-life-sciences-tms-marrow-cell-type-annot-4cc7cce9 ports: cua=34021 vnc=34022
--- docker ---
ale-life-sciences-tms-marrow-cell-type-annot-4cc7cce9 Up 4 seconds
--- progress ---
best_tasks=98/98 status={'failed': 24, 'completed': 73, 'timeout': 1} done≈74
completed_mean=0.3424 n=73
/dev/mapper/ubuntu--vg-ubuntu--lv  490G  273G  197G  59% /
---
==== 2026-09-10 09:14:44 ====
run.json finished: 542
cats {'pending_or_running': 24, 'completed_score>0': 41, 'completed_score=0': 32, 'timeout': 1}
---
active
active
SOCAT_OK
FETCH=0
parsed finished=498 active=active sing=active socat_ok=1 fetch=0 cats {'pending_or_running': 17, 'env/dependency': 7, 'completed_score>0': 41, 'completed_score=0': 32, 'timeout': 1}
parsed finished=516 active=active sing=active socat_ok=1 fetch=0 cats {'pending_or_running': 24, 'completed_score>0': 41, 'completed_score=0': 32, 'timeout': 1}
parsed finished=528 active=active sing=active socat_ok=1 fetch=0 cats {'pending_or_running': 24, 'completed_score>0': 41, 'completed_score=0': 32, 'timeout': 1}
ale-life-sciences-tms-marrow-cell-type-annot-4cc7cce9 Up 7 seconds
summary finished=542 best=best_tasks=98/98 active=active fetch=0
==== observe pollR=53 2026-09-10 09:54:45 ====
=== 2026-09-10T09:54:48+08:00 r2 monitor ===
active
enabled
2026-09-10 09:53:47,231  INFO     ale_run.orchestration.runner  [adapters.ale_official.deployer.MetisDeployer/transport_safety/abm_hangzhou_metro/v0] done: status=failed score=0.0 duration=88.7s (attempt 2/3)
2026-09-10 09:53:47,232  WARNING  ale_run.orchestration.runner  [adapters.ale_official.deployer.MetisDeployer/transport_safety/abm_hangzhou_metro/v0] failed on attempt 2/3; requeued
2026-09-10 09:53:47,232  INFO     ale_run.orchestration.runner  [adapters.ale_official.deployer.MetisDeployer/transport_safety/abm_hangzhou_metro/v0] queued (attempt 3/3)
2026-09-10 09:53:47,232  INFO     adapters.ale_official.config  metis: embedded auth.json content (2308 bytes) for sandbox install
2026-09-10 09:53:48,216  INFO     ale_run.environments.providers.docker  Container ale-transport-safety-capacitated-vehicle-rou-224a852e started (id=ce431e2371d3)
2026-09-10 09:53:48,330  INFO     ale_run.environments.providers.docker  Container ale-transport-safety-capacitated-vehicle-rou-224a852e ports: cua=34061 vnc=34063
2026-09-10 09:54:33,577  INFO     ale_run.environments.providers.gcloud  CUA server ready at http://localhost:34061
2026-09-10 09:54:33,578  INFO     computer  Logger set to INFO level
2026-09-10 09:54:33,578  INFO     computer  Initializing Computer...
2026-09-10 09:54:33,578  INFO     computer  Logger set to INFO level
2026-09-10 09:54:33,578  INFO     computer.vm  Logger set to INFO level
2026-09-10 09:54:33,579  INFO     computer.interface  Logger set to INFO level
2026-09-10 09:54:33,579  INFO     core.telemetry  Recording event: computer_initialized with properties: {'version': '0.1.8', 'os': 'linux', 'os_version': '6.8.0-138-generic', 'python_version': '3.12.3', 'provider_type': 'lume'}
2026-09-10 09:54:33,579  INFO     core.telemetry  Sent event to PostHog: computer_initialized
2026-09-10 09:54:33,796  INFO     cua.interface  Logger set to INFO level
2026-09-10 09:54:33,796  INFO     computer.interface.linux  Logger set to INFO level
2026-09-10 09:54:34,551  INFO     ale_run.environments.task_data.local_host  local: staged ['input', 'software'] for capacitated_vehicle_routing_problems from task-data/transport_safety/capacitated_vehicle_routing_problems/base
2026-09-10 09:54:34,559  INFO     ale_run.tasks.loader  Loaded task config via load() function
2026-09-10 09:54:34,560  INFO     ale_run.tasks.driver  Running task setup (attempt 1/4)...
2026-09-10 09:54:34,560  INFO     ale_run.tasks.driver  Task setup completed
--- docker ---
ale-transport-safety-capacitated-vehicle-rou-224a852e Up About a minute
--- progress ---
best_tasks=98/98 status={'failed': 24, 'completed': 73, 'timeout': 1} done≈74
completed_mean=0.3424 n=73
/dev/mapper/ubuntu--vg-ubuntu--lv  490G  273G  197G  59% /
---
==== 2026-09-10 09:54:55 ====
run.json finished: 561
cats {'pending_or_running': 24, 'completed_score>0': 41, 'completed_score=0': 32, 'timeout': 1}
---
active
active
SOCAT_OK
FETCH=0
parsed finished=516 active=active sing=active socat_ok=1 fetch=0 cats {'pending_or_running': 24, 'completed_score>0': 41, 'completed_score=0': 32, 'timeout': 1}
parsed finished=528 active=active sing=active socat_ok=1 fetch=0 cats {'pending_or_running': 24, 'completed_score>0': 41, 'completed_score=0': 32, 'timeout': 1}
parsed finished=548 active=active sing=active socat_ok=1 fetch=0 cats {'pending_or_running': 24, 'completed_score>0': 41, 'completed_score=0': 32, 'timeout': 1}
ale-transport-safety-capacitated-vehicle-rou-224a852e Up About a minute
summary finished=561 best=best_tasks=98/98 active=active fetch=0
==== observe pollR=54 2026-09-10 11:16:46 ====
ssh_retry attempt=1 rc=0 2026-09-10 11:17:11
ssh_retry attempt=2 rc=0 2026-09-10 11:17:56
ssh_retry attempt=3 rc=0 2026-09-10 11:18:41
SSH_BLOCKER_AFTER_RETRIES 2026-09-10 11:19:01
